date,block,population,plant,wet_wgt_g,petal_flower,petal_number,length_mm,hand_area_cm2,dry_wgt_g,water_mg,water_pct,n_plants_expected,n_images_found,image_to_plant_ratio,status,candidate_image_folder,match_flag,image_file_used,n_petals_in_image,area_cm2,area_cm2_manual_check,pct_diff_methods,area_flag,measured_by,date_measured,notes,area_cm2_hsv_hue,area_cm2_otsu_chroma
3/26/25,1,Percos,1,0.15917,petal,,4,14.783,0.0176,0.14157,0.889426399,15,15,1,COUNT_OK_ONE_IMAGE_PER_PLANT,2025_03_26,COUNT_OK_ONE_IMAGE_PER_PLANT,2025_03_26/IMG_20250326_0001.png,1,13.6688,,-0.83,OK,automated: hsv_hue + otsu_chroma (scripts/07_segment_petal_area.py),9/14/26,,13.7255,13.6121
3/26/25,1,Percos,2,0.1101,petal,,3.6,12.378,0.01117,0.09893,0.8985467756584923,15,15,1,COUNT_OK_ONE_IMAGE_PER_PLANT,2025_03_26,COUNT_OK_ONE_IMAGE_PER_PLANT,2025_03_26/IMG_20250326_0002.png,1,11.7439,,4.36,OK,automated: hsv_hue + otsu_chroma (scripts/07_segment_petal_area.py),9/14/26,,11.4936,11.9942
3/26/25,1,Percos,3,0.20482,petal,,5,18.692,0.02123,0.18359,0.8963480128893663,15,15,1,COUNT_OK_ONE_IMAGE_PER_PLANT,2025_03_26,COUNT_OK_ONE_IMAGE_PER_PLANT,2025_03_26/IMG_20250326_0003.png,1,17.0169,,15.51,hsv_hue: LOW_SOLIDITY_CHECK_OVERLAY — check QC overlay,automated: hsv_hue + otsu_chroma (scripts/07_segment_petal_area.py),9/14/26,,15.7919,18.2419
3/26/25,1,Percos,4,0.17572,petal,,4.1,15.036,0.01782,0.1578999999999999,0.8985886637832917,15,15,1,COUNT_OK_ONE_IMAGE_PER_PLANT,2025_03_26,COUNT_OK_ONE_IMAGE_PER_PLANT,2025_03_26/IMG_20250326_0004.png,1,14.577,,4.11,OK,automated: hsv_hue + otsu_chroma (scripts/07_segment_petal_area.py),9/14/26,,14.2835,14.8705
3/26/25,1,Percos,5,0.18694,petal,,4.6,19.562,0.01998,0.16696,0.893120787,15,15,1,COUNT_OK_ONE_IMAGE_PER_PLANT,2025_03_26,COUNT_OK_ONE_IMAGE_PER_PLANT,2025_03_26/IMG_20250326_0005.png,1,18.653,,1.42,OK,automated: hsv_hue + otsu_chroma (scripts/07_segment_petal_area.py),9/14/26,,18.5213,18.7846
3/26/25,1,Percos,6,0.16784,petal,,3.2,15.873,0.01825,0.14959,0.891265491,15,15,1,COUNT_OK_ONE_IMAGE_PER_PLANT,2025_03_26,COUNT_OK_ONE_IMAGE_PER_PLANT,2025_03_26/IMG_20250326_0006.png,1,15.3865,,2.25,OK,automated: hsv_hue + otsu_chroma (scripts/07_segment_petal_area.py),9/14/26,,15.2154,15.5577
3/26/25,1,Percos,7,0.12294,petal,,4.5,13.133,0.01458,0.10836,0.8814055636896048,15,15,1,COUNT_OK_ONE_IMAGE_PER_PLANT,2025_03_26,COUNT_OK_ONE_IMAGE_PER_PLANT,2025_03_26/IMG_20250326_0007.png,1,13.1851,,2.16,OK,automated: hsv_hue + otsu_chroma (scripts/07_segment_petal_area.py),9/14/26,,13.0443,13.3258
3/26/25,1,Percos,8,0.15427,petal,,4,14.617,0.0162,0.13807,0.8949893044661957,15,15,1,COUNT_OK_ONE_IMAGE_PER_PLANT,2025_03_26,COUNT_OK_ONE_IMAGE_PER_PLANT,2025_03_26/IMG_20250326_0008.png,1,14.5502,,2.59,OK,automated: hsv_hue + otsu_chroma (scripts/07_segment_petal_area.py),9/14/26,,14.3639,14.7365
3/26/25,1,Percos,9,0.10899,petal,,4,11.986,0.01144,0.09755,0.895036242,15,15,1,COUNT_OK_ONE_IMAGE_PER_PLANT,2025_03_26,COUNT_OK_ONE_IMAGE_PER_PLANT,2025_03_26/IMG_20250326_0009.png,1,11.2978,,4.03,OK,automated: hsv_hue + otsu_chroma (scripts/07_segment_petal_area.py),9/14/26,,11.0746,11.5209
3/26/25,1,Percos,10,0.18375,petal,,4,16.981,0.0184,0.16535,0.8998639455782312,15,15,1,COUNT_OK_ONE_IMAGE_PER_PLANT,2025_03_26,COUNT_OK_ONE_IMAGE_PER_PLANT,2025_03_26/IMG_20250326_0010.png,1,14.5317,,38.02,hsv_hue: LOW_SOLIDITY_CHECK_OVERLAY — check QC overlay,automated: hsv_hue + otsu_chroma (scripts/07_segment_petal_area.py),9/14/26,,12.2107,16.8527
3/26/25,1,Percos,11,0.2005,petal,,4.5,18.202,0.02271,0.17779,0.8867331670822942,15,15,1,COUNT_OK_ONE_IMAGE_PER_PLANT,2025_03_26,COUNT_OK_ONE_IMAGE_PER_PLANT,2025_03_26/IMG_20250326_0011.png,1,13.5494,,111.28,hsv_hue: LOW_SOLIDITY_CHECK_OVERLAY — check QC overlay,automated: hsv_hue + otsu_chroma (scripts/07_segment_petal_area.py),9/14/26,,8.7055,18.3932
3/26/25,1,Percos,12,0.24551,petal,,5.8,,0.0262,0.21931,0.8932833693128589,15,15,1,COUNT_OK_ONE_IMAGE_PER_PLANT,2025_03_26,COUNT_OK_ONE_IMAGE_PER_PLANT,2025_03_26/IMG_20250326_0012.png,1,14.015,,133.35,hsv_hue: LOW_SOLIDITY_CHECK_OVERLAY — check QC overlay,automated: hsv_hue + otsu_chroma (scripts/07_segment_petal_area.py),9/14/26,,8.4086,19.6214
3/26/25,1,Percos,13,0.18895,petal,,3.9,,0.01928,0.16967,0.8979624239216725,15,15,1,COUNT_OK_ONE_IMAGE_PER_PLANT,2025_03_26,COUNT_OK_ONE_IMAGE_PER_PLANT,2025_03_26/IMG_20250326_0013.png,1,14.8303,,0.47,OK,automated: hsv_hue + otsu_chroma (scripts/07_segment_petal_area.py),9/14/26,,14.7957,14.865
3/26/25,1,Percos,14,0.13604,petal,,3.9,,0.01483,0.12121,0.8909879447221406,15,15,1,COUNT_OK_ONE_IMAGE_PER_PLANT,2025_03_26,COUNT_OK_ONE_IMAGE_PER_PLANT,2025_03_26/IMG_20250326_0014.png,1,12.1651,,7.1,OK,automated: hsv_hue + otsu_chroma (scripts/07_segment_petal_area.py),9/14/26,,11.7478,12.5824
3/26/25,1,Percos,15,0.11903,petal,,3.5,,0.014,0.10503,0.8823825926237083,15,15,1,COUNT_OK_ONE_IMAGE_PER_PLANT,2025_03_26,COUNT_OK_ONE_IMAGE_PER_PLANT,2025_03_26/IMG_20250326_0015.png,1,11.6084,,6.36,OK,automated: hsv_hue + otsu_chroma (scripts/07_segment_petal_area.py),9/14/26,,11.2509,11.9659
3/28/25,1,Perry,1,0.05446,petal,,,,0.00623,0.04823,0.8856041131105399,15,0,0,IMAGES_EXIST_BUT_POPULATION_UNASSIGNED,2025_03_28,IMAGE_ASSIGNED_FROM_VISUAL_CHECK,2025_03_28/IMG_20250328_0001.png,1,3.5204,,416.53,hsv_hue: LOW_SOLIDITY_CHECK_OVERLAY — check QC overlay,automated: hsv_hue + otsu_chroma (scripts/07_segment_petal_area.py),9/14/26,,1.142,5.8988
3/28/25,1,Perry,2,0.06534,petal,,,,0.00809,0.05725,0.8761861034588307,15,0,0,IMAGES_EXIST_BUT_POPULATION_UNASSIGNED,2025_03_28,IMAGE_ASSIGNED_FROM_VISUAL_CHECK,2025_03_28/IMG_20250328_0002.png,1,5.8811,,98.77,hsv_hue: LOW_SOLIDITY_CHECK_OVERLAY — check QC overlay,automated: hsv_hue + otsu_chroma (scripts/07_segment_petal_area.py),9/14/26,,3.9369,7.8253
3/28/25,1,Perry,3,0.06968,petal,,,,0.01202,0.05766,0.8274971297359357,15,0,0,IMAGES_EXIST_BUT_POPULATION_UNASSIGNED,2025_03_28,IMAGE_ASSIGNED_FROM_VISUAL_CHECK,2025_03_28/IMG_20250328_0003.png,1,7.5606,,0.58,OK,automated: hsv_hue + otsu_chroma (scripts/07_segment_petal_area.py),9/14/26,,7.5388,7.5824
3/28/25,1,Perry,4,0.0644,petal,,,,0.00956,0.05484,0.851552795,15,0,0,IMAGES_EXIST_BUT_POPULATION_UNASSIGNED,2025_03_28,IMAGE_ASSIGNED_FROM_VISUAL_CHECK,2025_03_28/IMG_20250328_0004.png,1,7.6582,,4.21,OK,automated: hsv_hue + otsu_chroma (scripts/07_segment_petal_area.py),9/14/26,,7.5004,7.8161
3/28/25,1,Perry,5,0.08351,petal,,,,0.0083,0.07521,0.900610705,15,0,0,IMAGES_EXIST_BUT_POPULATION_UNASSIGNED,2025_03_28,IMAGE_ASSIGNED_FROM_VISUAL_CHECK,2025_03_28/IMG_20250328_0005.png,1,7.5993,,2.65,OK,automated: hsv_hue + otsu_chroma (scripts/07_segment_petal_area.py),9/14/26,,7.5,7.6987
3/28/25,1,Perry,6,0.07823,petal,,,,0.00951,0.06872,0.8784353828454556,15,0,0,IMAGES_EXIST_BUT_POPULATION_UNASSIGNED,2025_03_28,IMAGE_ASSIGNED_FROM_VISUAL_CHECK,2025_03_28/IMG_20250328_0006.png,1,8.2337,,4.63,OK,automated: hsv_hue + otsu_chroma (scripts/07_segment_petal_area.py),9/14/26,,8.0475,8.4199
3/28/25,1,Perry,7,0.12505,petal,,,,0.01266,0.11239,0.8987604958016792,15,0,0,IMAGES_EXIST_BUT_POPULATION_UNASSIGNED,2025_03_28,IMAGE_ASSIGNED_FROM_VISUAL_CHECK,2025_03_28/IMG_20250328_0007.png,1,11.0237,,3.32,OK,automated: hsv_hue + otsu_chroma (scripts/07_segment_petal_area.py),9/14/26,,10.844,11.2035
3/28/25,1,Perry,8,0.10689,petal,,,,0.00586,0.10103,0.9451772850594068,15,0,0,IMAGES_EXIST_BUT_POPULATION_UNASSIGNED,2025_03_28,IMAGE_ASSIGNED_FROM_VISUAL_CHECK,2025_03_28/IMG_20250328_0008.png,1,11.1766,,2.44,OK,automated: hsv_hue + otsu_chroma (scripts/07_segment_petal_area.py),9/14/26,,11.0422,11.3111
3/28/25,1,Perry,9,0.14451,petal,,,,0.01347,0.13104,0.9067884575461904,15,0,0,IMAGES_EXIST_BUT_POPULATION_UNASSIGNED,2025_03_28,IMAGE_ASSIGNED_FROM_VISUAL_CHECK,2025_03_28/IMG_20250328_0009.png,1,12.7916,,0.67,OK,automated: hsv_hue + otsu_chroma (scripts/07_segment_petal_area.py),9/14/26,,12.7488,12.8344
3/28/25,1,Perry,10,0.08203,petal,,,,0.00987,0.07216,0.8796781665244422,15,0,0,IMAGES_EXIST_BUT_POPULATION_UNASSIGNED,2025_03_28,IMAGE_ASSIGNED_FROM_VISUAL_CHECK,2025_03_28/IMG_20250328_0010.png,1,8.2844,,2.96,OK,automated: hsv_hue + otsu_chroma (scripts/07_segment_petal_area.py),9/14/26,,8.1637,8.4052
3/28/25,1,Perry,11,0.07482,petal,,,,0.00794,0.06688,0.8938786420743117,15,0,0,IMAGES_EXIST_BUT_POPULATION_UNASSIGNED,2025_03_28,IMAGE_ASSIGNED_FROM_VISUAL_CHECK,2025_03_28/IMG_20250328_0011.png,1,7.9185,,4.52,OK,automated: hsv_hue + otsu_chroma (scripts/07_segment_petal_area.py),9/14/26,,7.7435,8.0935
3/28/25,1,Perry,12,0.08412,petal,,,,0.00858,0.07554,0.8980028530670471,15,0,0,IMAGES_EXIST_BUT_POPULATION_UNASSIGNED,2025_03_28,IMAGE_ASSIGNED_FROM_VISUAL_CHECK,2025_03_28/IMG_20250328_0012.png,1,8.4103,,3.41,OK,automated: hsv_hue + otsu_chroma (scripts/07_segment_petal_area.py),9/14/26,,8.2693,8.5514
3/28/25,1,Perry,13,0.0316,petal,,,,0.00302,0.02858,0.9044303797468352,15,0,0,IMAGES_EXIST_BUT_POPULATION_UNASSIGNED,2025_03_28,IMAGE_ASSIGNED_FROM_VISUAL_CHECK,2025_03_28/IMG_20250328_0013.png,1,3.5435,,4.35,OK,automated: hsv_hue + otsu_chroma (scripts/07_segment_petal_area.py),9/14/26,,3.468,3.619
3/28/25,1,Perry,14,0.0383,petal,,,,0.00445,0.03385,0.8838120104438641,15,0,0,IMAGES_EXIST_BUT_POPULATION_UNASSIGNED,2025_03_28,IMAGE_ASSIGNED_FROM_VISUAL_CHECK,2025_03_28/IMG_20250328_0014.png,1,4.1563,,10.44,OK,automated: hsv_hue + otsu_chroma (scripts/07_segment_petal_area.py),9/14/26,,3.9502,4.3625
3/28/25,1,Perry,15,0.05863,petal,,,,0.00906,0.04957,0.8454716015691626,15,0,0,IMAGES_EXIST_BUT_POPULATION_UNASSIGNED,2025_03_28,IMAGE_ASSIGNED_FROM_VISUAL_CHECK,2025_03_28/IMG_20250328_0015.png,1,8.0663,,4.51,OK,automated: hsv_hue + otsu_chroma (scripts/07_segment_petal_area.py),9/14/26,,7.8884,8.2443
3/28/25,1,Pt. Conception,1,0.07461,petal,,,,0.00933,0.06528,0.8749497386409328,15,0,0,IMAGES_EXIST_BUT_POPULATION_UNASSIGNED,2025_03_28,IMAGE_ASSIGNED_FROM_VISUAL_CHECK,2025_03_28/IMG_20250328_0017.png,1,7.8611,,1.56,OK,automated: hsv_hue + otsu_chroma (scripts/07_segment_petal_area.py),9/14/26,"Two scans exist for this plant (IMG_20250328_0016.png, IMG_20250328_0017.png); both confirmed valid, 0017 is a retake and used as the primary image here. 0016 kept on record — see petal_scan_image_notes.csv.",7.8004,7.9217
3/28/25,1,Pt. Conception,2,0.03685,petal,,,,0.00462,0.03223,0.8746268656716417,15,0,0,IMAGES_EXIST_BUT_POPULATION_UNASSIGNED,2025_03_28,IMAGE_ASSIGNED_FROM_VISUAL_CHECK,2025_03_28/IMG_20250328_0018.png,1,4.1244,,2.18,OK,automated: hsv_hue + otsu_chroma (scripts/07_segment_petal_area.py),9/14/26,,4.0799,4.169
3/28/25,1,Pt. Conception,3,0.10612,petal,,,,0.01186,0.09426,0.8882397286091218,15,0,0,IMAGES_EXIST_BUT_POPULATION_UNASSIGNED,2025_03_28,IMAGE_ASSIGNED_FROM_VISUAL_CHECK,2025_03_28/IMG_20250328_0019.png,1,10.1398,,0.93,OK,automated: hsv_hue + otsu_chroma (scripts/07_segment_petal_area.py),9/14/26,,10.093,10.1866
3/28/25,1,Pt. Conception,4,0.07005,petal,,,,0.00666,0.06339,0.9049250535331907,15,0,0,IMAGES_EXIST_BUT_POPULATION_UNASSIGNED,2025_03_28,IMAGE_ASSIGNED_FROM_VISUAL_CHECK,2025_03_28/IMG_20250328_0020.png,1,7.3234,,6.63,hsv_hue: LOW_SOLIDITY_CHECK_OVERLAY — check QC overlay,automated: hsv_hue + otsu_chroma (scripts/07_segment_petal_area.py),9/14/26,,7.0885,7.5584
3/28/25,1,Pt. Conception,5,0.06252,petal,,,,0.00791,0.05461,0.8734804862444018,15,0,0,IMAGES_EXIST_BUT_POPULATION_UNASSIGNED,2025_03_28,IMAGE_ASSIGNED_FROM_VISUAL_CHECK,2025_03_28/IMG_20250328_0021.png,1,6.3345,,1.84,OK,automated: hsv_hue + otsu_chroma (scripts/07_segment_petal_area.py),9/14/26,,6.2767,6.3922
3/28/25,1,Pt. Conception,6,0.05961,petal,,,,0.00714,0.05247,0.8802214393558128,15,0,0,IMAGES_EXIST_BUT_POPULATION_UNASSIGNED,2025_03_28,IMAGE_ASSIGNED_FROM_VISUAL_CHECK,2025_03_28/IMG_20250328_0022.png,1,7.1175,,2.54,OK,automated: hsv_hue + otsu_chroma (scripts/07_segment_petal_area.py),9/14/26,,7.0282,7.2069
3/28/25,1,Pt. Conception,7,0.0629,petal,,,,0.00654,0.05636,0.8960254372019079,15,0,0,IMAGES_EXIST_BUT_POPULATION_UNASSIGNED,2025_03_28,IMAGE_ASSIGNED_FROM_VISUAL_CHECK,2025_03_28/IMG_20250328_0023.png,1,6.4439,,0.6,OK,automated: hsv_hue + otsu_chroma (scripts/07_segment_petal_area.py),9/14/26,,6.4246,6.4632
3/28/25,1,Pt. Conception,8,0.05087,petal,,,,0.00626,0.04461,0.876941223,15,0,0,IMAGES_EXIST_BUT_POPULATION_UNASSIGNED,2025_03_28,IMAGE_ASSIGNED_FROM_VISUAL_CHECK,2025_03_28/IMG_20250328_0024.png,1,5.6899,,1.11,OK,automated: hsv_hue + otsu_chroma (scripts/07_segment_petal_area.py),9/14/26,,5.6585,5.7213
3/28/25,1,Pt. Conception,9,0.07414,petal,,,,0.00904,0.0651,0.8780685190180738,15,0,0,IMAGES_EXIST_BUT_POPULATION_UNASSIGNED,2025_03_28,IMAGE_ASSIGNED_FROM_VISUAL_CHECK,2025_03_28/IMG_20250328_0025.png,1,8.834,,1.12,OK,automated: hsv_hue + otsu_chroma (scripts/07_segment_petal_area.py),9/14/26,,8.7847,8.8832
3/28/25,1,Pt. Conception,10,0.04424,petal,,,,0.00654,0.0377,0.8521699819168175,15,0,0,IMAGES_EXIST_BUT_POPULATION_UNASSIGNED,2025_03_28,IMAGE_ASSIGNED_FROM_VISUAL_CHECK,2025_03_28/IMG_20250328_0026.png,1,4.7126,,1.4,OK,automated: hsv_hue + otsu_chroma (scripts/07_segment_petal_area.py),9/14/26,,4.6799,4.7453
3/28/25,1,Pt. Conception,11,0.13057,petal,,,,0.01484,0.11573,0.8863444895458374,15,0,0,IMAGES_EXIST_BUT_POPULATION_UNASSIGNED,2025_03_28,IMAGE_ASSIGNED_FROM_VISUAL_CHECK,2025_03_28/IMG_20250328_0027.png,1,11.9795,,1.47,OK,automated: hsv_hue + otsu_chroma (scripts/07_segment_petal_area.py),9/14/26,,11.892,12.067
3/28/25,1,Pt. Conception,12,0.08963,petal,,,,0.01065,0.07898,0.8811781769496819,15,0,0,IMAGES_EXIST_BUT_POPULATION_UNASSIGNED,2025_03_28,IMAGE_ASSIGNED_FROM_VISUAL_CHECK,2025_03_28/IMG_20250328_0028.png,1,8.1477,,1.81,OK,automated: hsv_hue + otsu_chroma (scripts/07_segment_petal_area.py),9/14/26,,8.0746,8.2207
3/28/25,1,Pt. Conception,13,0.11824,petal,,,,0.01371,0.10453,0.8840493910690121,15,0,0,IMAGES_EXIST_BUT_POPULATION_UNASSIGNED,2025_03_28,IMAGE_ASSIGNED_FROM_VISUAL_CHECK,2025_03_28/IMG_20250328_0029.png,1,10.1028,,0.93,OK,automated: hsv_hue + otsu_chroma (scripts/07_segment_petal_area.py),9/14/26,,10.0562,10.1493
3/28/25,1,Pt. Conception,14,0.05704,petal,,,,0.00674,0.0503,0.8818373071528752,15,0,0,IMAGES_EXIST_BUT_POPULATION_UNASSIGNED,2025_03_28,IMAGE_ASSIGNED_FROM_VISUAL_CHECK,2025_03_28/IMG_20250328_0030.png,1,5.3899,,2.33,OK,automated: hsv_hue + otsu_chroma (scripts/07_segment_petal_area.py),9/14/26,,5.3278,5.4521
3/28/25,1,Pt. Conception,15,0.10456,petal,,,,0.01283,0.09173,0.8772953328232596,15,0,0,IMAGES_EXIST_BUT_POPULATION_UNASSIGNED,2025_03_28,IMAGE_ASSIGNED_FROM_VISUAL_CHECK,2025_03_28/IMG_20250328_0031.png,1,10.0923,,0.84,OK,automated: hsv_hue + otsu_chroma (scripts/07_segment_petal_area.py),9/14/26,Population was illegible on the card; plant number 15 was readable and confirmed by researcher as Pt. Conception.,10.05,10.1346
4/17/25,1,Cojo,1,0.02834,petal,,,,0.0002,0.02814,0.9929428369795342,15,15,1,COUNT_OK_ONE_IMAGE_PER_PLANT,Petal_scans,COUNT_OK_ONE_IMAGE_PER_PLANT,IMG_20250417_0001.png,1,4.4242,,4.47,OK,automated: hsv_hue + otsu_chroma (scripts/07_segment_petal_area.py),9/14/26,,4.3275,4.5208
4/17/25,1,Cojo,2,0.03259,petal,,,,0.00451,0.02808,0.8616139920220927,15,15,1,COUNT_OK_ONE_IMAGE_PER_PLANT,Petal_scans,COUNT_OK_ONE_IMAGE_PER_PLANT,IMG_20250417_0002.png,1,3.0634,,33.91,hsv_hue: LOW_SOLIDITY_CHECK_OVERLAY — check QC overlay,automated: hsv_hue + otsu_chroma (scripts/07_segment_petal_area.py),9/14/26,,2.6193,3.5075
4/17/25,1,Cojo,3,0.03913,petal,,,,0.00455,0.03458,0.88372093,15,15,1,COUNT_OK_ONE_IMAGE_PER_PLANT,Petal_scans,COUNT_OK_ONE_IMAGE_PER_PLANT,IMG_20250417_0003.png,1,3.5502,,65.8,hsv_hue: LOW_SOLIDITY_CHECK_OVERLAY — check QC overlay,automated: hsv_hue + otsu_chroma (scripts/07_segment_petal_area.py),9/14/26,,2.6713,4.4291
4/17/25,1,Cojo,4,0.07418,petal,,,,0.00969,0.06449,0.8693717983283903,15,15,1,COUNT_OK_ONE_IMAGE_PER_PLANT,Petal_scans,COUNT_OK_ONE_IMAGE_PER_PLANT,IMG_20250417_0004.png,1,9.0477,,11.71,OK,automated: hsv_hue + otsu_chroma (scripts/07_segment_petal_area.py),9/14/26,,8.5471,9.5482
4/17/25,1,Cojo,5,0.04567,petal,,,,0.0053,0.04037,0.883950077,15,15,1,COUNT_OK_ONE_IMAGE_PER_PLANT,Petal_scans,COUNT_OK_ONE_IMAGE_PER_PLANT,IMG_20250417_0005.png,1,4.2194,,19.52,OK,automated: hsv_hue + otsu_chroma (scripts/07_segment_petal_area.py),9/14/26,,3.8442,4.5946
4/17/25,1,Cojo,6,0.10503,petal,,,,0.00981,0.09522,0.906598115,15,15,1,COUNT_OK_ONE_IMAGE_PER_PLANT,Petal_scans,COUNT_OK_ONE_IMAGE_PER_PLANT,IMG_20250417_0006.png,1,9.8514,,25.15,OK,automated: hsv_hue + otsu_chroma (scripts/07_segment_petal_area.py),9/14/26,,8.7511,10.9518
4/17/25,1,Cojo,7,0.07479,petal,,,,0.00829,0.0665,0.8891563043187592,15,15,1,COUNT_OK_ONE_IMAGE_PER_PLANT,Petal_scans,COUNT_OK_ONE_IMAGE_PER_PLANT,IMG_20250417_0007.png,1,7.5927,,18.46,OK,automated: hsv_hue + otsu_chroma (scripts/07_segment_petal_area.py),9/14/26,,6.9513,8.2342
4/17/25,1,Cojo,8,0.07407,petal,,,,0.0069,0.06717,0.9068448764682056,15,15,1,COUNT_OK_ONE_IMAGE_PER_PLANT,Petal_scans,COUNT_OK_ONE_IMAGE_PER_PLANT,IMG_20250417_0008.png,1,7.5973,,13.32,OK,automated: hsv_hue + otsu_chroma (scripts/07_segment_petal_area.py),9/14/26,,7.1229,8.0718
4/17/25,1,Cojo,9,0.10575,petal,,,,0.01175,0.094,0.888888889,15,15,1,COUNT_OK_ONE_IMAGE_PER_PLANT,Petal_scans,COUNT_OK_ONE_IMAGE_PER_PLANT,IMG_20250417_0009.png,1,9.8278,,24.65,hsv_hue: LOW_SOLIDITY_CHECK_OVERLAY — check QC overlay,automated: hsv_hue + otsu_chroma (scripts/07_segment_petal_area.py),9/14/26,,8.7494,10.9063
4/17/25,1,Cojo,10,0.04248,petal,,,,0.00579,0.03669,0.8637005649717515,15,15,1,COUNT_OK_ONE_IMAGE_PER_PLANT,Petal_scans,COUNT_OK_ONE_IMAGE_PER_PLANT,IMG_20250417_0010.png,1,4.4128,,19.4,OK,automated: hsv_hue + otsu_chroma (scripts/07_segment_petal_area.py),9/14/26,,4.0226,4.803
4/17/25,1,Cojo,11,0.02222,petal,,,,0.00247,0.01975,0.8888388838883888,15,15,1,COUNT_OK_ONE_IMAGE_PER_PLANT,Petal_scans,COUNT_OK_ONE_IMAGE_PER_PLANT,IMG_20250417_0011.png,1,2.6373,,10.08,OK,automated: hsv_hue + otsu_chroma (scripts/07_segment_petal_area.py),9/14/26,,2.5107,2.7639
4/17/25,1,Cojo,12,0.06904,petal,,,,0.0098,0.05924,0.858053302,15,15,1,COUNT_OK_ONE_IMAGE_PER_PLANT,Petal_scans,COUNT_OK_ONE_IMAGE_PER_PLANT,IMG_20250417_0012.png,1,8.7157,,13.03,OK,automated: hsv_hue + otsu_chroma (scripts/07_segment_petal_area.py),9/14/26,,8.1827,9.2488
4/17/25,1,Cojo,13,0.0613,petal,,,,0.00853,0.05277,0.8608482871125611,15,15,1,COUNT_OK_ONE_IMAGE_PER_PLANT,Petal_scans,COUNT_OK_ONE_IMAGE_PER_PLANT,IMG_20250417_0013.png,1,6.5806,,27.66,OK,automated: hsv_hue + otsu_chroma (scripts/07_segment_petal_area.py),9/14/26,,5.7812,7.38
4/17/25,1,Cojo,14,0.07771,petal,,,,0.00813,0.06958,0.8953802599408056,15,15,1,COUNT_OK_ONE_IMAGE_PER_PLANT,Petal_scans,COUNT_OK_ONE_IMAGE_PER_PLANT,IMG_20250417_0014.png,1,8.1376,,17.97,OK,automated: hsv_hue + otsu_chroma (scripts/07_segment_petal_area.py),9/14/26,,7.4666,8.8085
4/17/25,1,Cojo,15,0.05315,petal,,,,0.00618,0.04697,0.883725306,15,15,1,COUNT_OK_ONE_IMAGE_PER_PLANT,Petal_scans,COUNT_OK_ONE_IMAGE_PER_PLANT,IMG_20250417_0015.png,1,5.3325,,20.06,OK,automated: hsv_hue + otsu_chroma (scripts/07_segment_petal_area.py),9/14/26,,4.8464,5.8186
5/20/25,2,Perry,1,,petal,1,,,,,,,,,,,,IMG_20250520_perry_0001.png,,,,,,,,no weight or other measurements,,
5/20/25,2,Perry,1,,petal,2,,,,,,,,,,,,IMG_20250520_perry_0001.png,,,,,,,,no weight or other measurements,,
5/20/25,2,Perry,1,,petal,3,,,,,,,,,,,,IMG_20250520_perry_0001.png,,,,,,,,no weight or other measurements,,
5/20/25,2,Perry,1,,petal,4,,,,,,,,,,,,IMG_20250520_perry_0001.png,,,,,,,,no weight or other measurements,,
5/20/25,2,Perry,2,0.01494,petal,1,,,0.00236,0.01258,0.8420348058902277,14,15,1.0714285714285714,COUNT_OK_ONE_IMAGE_PER_PLANT,Petal_scans,COUNT_OK_ONE_IMAGE_PER_PLANT,IMG_20250520_perry_0002.png,1,1.9642,,,OK,automated: hsv_hue + otsu_chroma (scripts/07 + scripts/09/11),9/14/26,"cm2, otsu_chroma=[2.4591] cm2.] [area now reported per-petal in separate rows below; see petal_number 1-4 for this plant.] [area merged from separate petal-1 measurement row; weighed petal confirmed = petal 1.]",1.674,2.2543
5/20/25,2,Perry,2,0.01559,petal,2,,,,,,14,15,1.0714285714285714,COUNT_OK_ONE_IMAGE_PER_PLANT,Petal_scans,COUNT_OK_ONE_IMAGE_PER_PLANT,IMG_20250520_perry_0002.png,1,1.5974,,27.01,OK,automated: hsv_hue + otsu_chroma (scripts/07 + scripts/09/11),9/14/26,"cm2, otsu_chroma=[2.4591] cm2.]",1.2614,1.9333
5/20/25,2,Perry,2,0.01404,petal,3,,,,,,14,15,1.0714285714285714,COUNT_OK_ONE_IMAGE_PER_PLANT,Petal_scans,COUNT_OK_ONE_IMAGE_PER_PLANT,IMG_20250520_perry_0002.png,1,2.1976,,27.01,OK,automated: hsv_hue + otsu_chroma (scripts/07 + scripts/09/11),9/14/26,"cm2, otsu_chroma=[2.4591] cm2.]",1.9362,2.4591
5/20/25,2,Perry,2,0.01332,petal,4,,,,,,14,15,1.0714285714285714,COUNT_OK_ONE_IMAGE_PER_PLANT,Petal_scans,COUNT_OK_ONE_IMAGE_PER_PLANT,IMG_20250520_perry_0002.png,1,1.842,,27.01,OK,automated: hsv_hue + otsu_chroma (scripts/07 + scripts/09/11),9/14/26,"cm2, otsu_chroma=[2.4591] cm2.]",1.4738,2.2101
5/20/25,2,Perry,3,0.01352,petal,1,,,0.00168,0.01184,0.8757396449704141,14,15,1.0714285714285714,COUNT_OK_ONE_IMAGE_PER_PLANT,Petal_scans,COUNT_OK_ONE_IMAGE_PER_PLANT,IMG_20250520_perry_0003.png,1,1.7606,,,OK,automated: hsv_hue + otsu_chroma (scripts/07 + scripts/09/11),9/14/26, [area now reported per-petal in separate rows below; see petal_number 1-4 for this plant.] [area merged from separate petal-1 measurement row; weighed petal confirmed = petal 1.],1.7586,1.7627
5/20/25,2,Perry,3,,petal,2,,,,,,14,15,1.0714285714285714,COUNT_OK_ONE_IMAGE_PER_PLANT,Petal_scans,COUNT_OK_ONE_IMAGE_PER_PLANT,IMG_20250520_perry_0003.png,,1.6318,,,OK,automated: hsv_hue + otsu_chroma (scripts/07 + scripts/09/11),,"New row: petal 2 of 4, measured from IMG_20250520_perry_0003.png (segmentation only; no separate weight recorded for this specific petal).",1.6246,1.639
5/20/25,2,Perry,3,,petal,3,,,,,,14,15,1.0714285714285714,COUNT_OK_ONE_IMAGE_PER_PLANT,Petal_scans,COUNT_OK_ONE_IMAGE_PER_PLANT,IMG_20250520_perry_0003.png,,1.6439,,,OK,automated: hsv_hue + otsu_chroma (scripts/07 + scripts/09/11),,"New row: petal 3 of 4, measured from IMG_20250520_perry_0003.png (segmentation only; no separate weight recorded for this specific petal).",1.6672,1.6206
5/20/25,2,Perry,3,,petal,4,,,,,,14,15,1.0714285714285714,COUNT_OK_ONE_IMAGE_PER_PLANT,Petal_scans,COUNT_OK_ONE_IMAGE_PER_PLANT,IMG_20250520_perry_0003.png,,1.6074,,,OK,automated: hsv_hue + otsu_chroma (scripts/07 + scripts/09/11),,"New row: petal 4 of 4, measured from IMG_20250520_perry_0003.png (segmentation only; no separate weight recorded for this specific petal).",1.612,1.6027
5/20/25,2,Perry,4,0.02443,petal,1,,,0.00284,0.02159,0.8837494883340156,14,15,1.0714285714285714,COUNT_OK_ONE_IMAGE_PER_PLANT,Petal_scans,COUNT_OK_ONE_IMAGE_PER_PLANT,IMG_20250520_perry_0004.png,1,2.7654,,,OK,automated: hsv_hue + otsu_chroma (scripts/07 + scripts/09/11),9/14/26, [area now reported per-petal in separate rows below; see petal_number 1-4 for this plant.] [area merged from separate petal-1 measurement row; weighed petal confirmed = petal 1.],2.5134,3.0175
5/20/25,2,Perry,4,,petal,2,,,,,,14,15,1.0714285714285714,COUNT_OK_ONE_IMAGE_PER_PLANT,Petal_scans,COUNT_OK_ONE_IMAGE_PER_PLANT,IMG_20250520_perry_0004.png,,3.2467,,,OK,automated: hsv_hue + otsu_chroma (scripts/07 + scripts/09/11),,"New row: petal 2 of 4, measured from IMG_20250520_perry_0004.png (segmentation only; no separate weight recorded for this specific petal).",2.8796,3.6138
5/20/25,2,Perry,4,,petal,3,,,,,,14,15,1.0714285714285714,COUNT_OK_ONE_IMAGE_PER_PLANT,Petal_scans,COUNT_OK_ONE_IMAGE_PER_PLANT,IMG_20250520_perry_0004.png,,2.8696,,,OK,automated: hsv_hue + otsu_chroma (scripts/07 + scripts/09/11),,"New row: petal 3 of 4, measured from IMG_20250520_perry_0004.png (segmentation only; no separate weight recorded for this specific petal).",2.6042,3.1349
5/20/25,2,Perry,4,,petal,4,,,,,,14,15,1.0714285714285714,COUNT_OK_ONE_IMAGE_PER_PLANT,Petal_scans,COUNT_OK_ONE_IMAGE_PER_PLANT,IMG_20250520_perry_0004.png,,3.392,,,OK,automated: hsv_hue + otsu_chroma (scripts/07 + scripts/09/11),,"New row: petal 4 of 4, measured from IMG_20250520_perry_0004.png (segmentation only; no separate weight recorded for this specific petal).",3.0685,3.7155
5/20/25,2,Perry,5,0.02024,petal,1,,,0.00335,0.01689,0.8344861660079052,14,15,1.0714285714285714,COUNT_OK_ONE_IMAGE_PER_PLANT,Petal_scans,COUNT_OK_ONE_IMAGE_PER_PLANT,IMG_20250520_perry_0005.png,1,3.0528,,,OK,automated: hsv_hue + otsu_chroma (scripts/07 + scripts/09/11),9/14/26, [area now reported per-petal in separate rows below; see petal_number 1-4 for this plant.] [area merged from separate petal-1 measurement row; weighed petal confirmed = petal 1.],2.7679,3.3376
5/20/25,2,Perry,5,,petal,2,,,,,,14,15,1.0714285714285714,COUNT_OK_ONE_IMAGE_PER_PLANT,Petal_scans,COUNT_OK_ONE_IMAGE_PER_PLANT,IMG_20250520_perry_0005.png,,2.2251,,,OK,automated: hsv_hue + otsu_chroma (scripts/07 + scripts/09/11),,"New row: petal 2 of 4, measured from IMG_20250520_perry_0005.png (segmentation only; no separate weight recorded for this specific petal).",2.0416,2.4086
5/20/25,2,Perry,5,,petal,3,,,,,,14,15,1.0714285714285714,COUNT_OK_ONE_IMAGE_PER_PLANT,Petal_scans,COUNT_OK_ONE_IMAGE_PER_PLANT,IMG_20250520_perry_0005.png,,2.5232,,,OK,automated: hsv_hue + otsu_chroma (scripts/07 + scripts/09/11),,"New row: petal 3 of 4, measured from IMG_20250520_perry_0005.png (segmentation only; no separate weight recorded for this specific petal).",2.3853,2.6612
5/20/25,2,Perry,5,,petal,4,,,,,,14,15,1.0714285714285714,COUNT_OK_ONE_IMAGE_PER_PLANT,Petal_scans,COUNT_OK_ONE_IMAGE_PER_PLANT,IMG_20250520_perry_0005.png,,3.0964,,,OK,automated: hsv_hue + otsu_chroma (scripts/07 + scripts/09/11),,"New row: petal 4 of 4, measured from IMG_20250520_perry_0005.png (segmentation only; no separate weight recorded for this specific petal).",2.9053,3.2875
5/20/25,2,Perry,6,0.03581,petal,1,,,0.00489,0.03092,0.8634459648142977,14,15,1.0714285714285714,COUNT_OK_ONE_IMAGE_PER_PLANT,Petal_scans,COUNT_OK_ONE_IMAGE_PER_PLANT,IMG_20250520_perry_0006.png,1,3.461,,,OK,automated: hsv_hue + otsu_chroma (scripts/07 + scripts/09/11),9/14/26, [area now reported per-petal in separate rows below; see petal_number 1-4 for this plant.] [area merged from separate petal-1 measurement row; weighed petal confirmed = petal 1.],3.0108,3.9112
5/20/25,2,Perry,6,,petal,2,,,,,,14,15,1.0714285714285714,COUNT_OK_ONE_IMAGE_PER_PLANT,Petal_scans,COUNT_OK_ONE_IMAGE_PER_PLANT,IMG_20250520_perry_0006.png,,4.122,,,OK,automated: hsv_hue + otsu_chroma (scripts/07 + scripts/09/11),,"New row: petal 2 of 4, measured from IMG_20250520_perry_0006.png (segmentation only; no separate weight recorded for this specific petal).",3.8129,4.4312
5/20/25,2,Perry,6,,petal,3,,,,,,14,15,1.0714285714285714,COUNT_OK_ONE_IMAGE_PER_PLANT,Petal_scans,COUNT_OK_ONE_IMAGE_PER_PLANT,IMG_20250520_perry_0006.png,,3.5482,,,OK,automated: hsv_hue + otsu_chroma (scripts/07 + scripts/09/11),,"New row: petal 3 of 4, measured from IMG_20250520_perry_0006.png (segmentation only; no separate weight recorded for this specific petal).",3.2683,3.828
5/20/25,2,Perry,6,,petal,4,,,,,,14,15,1.0714285714285714,COUNT_OK_ONE_IMAGE_PER_PLANT,Petal_scans,COUNT_OK_ONE_IMAGE_PER_PLANT,IMG_20250520_perry_0006.png,,3.8745,,,OK,automated: hsv_hue + otsu_chroma (scripts/07 + scripts/09/11),,"New row: petal 4 of 4, measured from IMG_20250520_perry_0006.png (segmentation only; no separate weight recorded for this specific petal).",3.533,4.2159
5/20/25,2,Perry,7,0.03063,petal,1,,,0.00444,0.02619,0.8550440744368265,14,15,1.0714285714285714,COUNT_OK_ONE_IMAGE_PER_PLANT,Petal_scans,COUNT_OK_ONE_IMAGE_PER_PLANT,IMG_20250520_perry_0007.png,1,4.9114,,,OK,automated: hsv_hue + otsu_chroma (scripts/07 + scripts/09/11),9/14/26, [area now reported per-petal in separate rows below; see petal_number 1-4 for this plant.] [area merged from separate petal-1 measurement row; weighed petal confirmed = petal 1.],4.8938,4.9291
5/20/25,2,Perry,7,,petal,2,,,,,,14,15,1.0714285714285714,COUNT_OK_ONE_IMAGE_PER_PLANT,Petal_scans,COUNT_OK_ONE_IMAGE_PER_PLANT,IMG_20250520_perry_0007.png,,4.5556,,,OK,automated: hsv_hue + otsu_chroma (scripts/07 + scripts/09/11),,"New row: petal 2 of 4, measured from IMG_20250520_perry_0007.png (segmentation only; no separate weight recorded for this specific petal).",4.5928,4.5183
5/20/25,2,Perry,7,,petal,3,,,,,,14,15,1.0714285714285714,COUNT_OK_ONE_IMAGE_PER_PLANT,Petal_scans,COUNT_OK_ONE_IMAGE_PER_PLANT,IMG_20250520_perry_0007.png,,3.9321,,,OK,automated: hsv_hue + otsu_chroma (scripts/07 + scripts/09/11),,"New row: petal 3 of 4, measured from IMG_20250520_perry_0007.png (segmentation only; no separate weight recorded for this specific petal).",3.946,3.9182
5/20/25,2,Perry,7,,petal,4,,,,,,14,15,1.0714285714285714,COUNT_OK_ONE_IMAGE_PER_PLANT,Petal_scans,COUNT_OK_ONE_IMAGE_PER_PLANT,IMG_20250520_perry_0007.png,,4.5776,,,OK,automated: hsv_hue + otsu_chroma (scripts/07 + scripts/09/11),,"New row: petal 4 of 4, measured from IMG_20250520_perry_0007.png (segmentation only; no separate weight recorded for this specific petal).",4.5946,4.5607
5/20/25,2,Perry,8,0.01987,petal,1,,,0.0032,0.01667,0.8389531957725213,14,15,1.0714285714285714,COUNT_OK_ONE_IMAGE_PER_PLANT,Petal_scans,COUNT_OK_ONE_IMAGE_PER_PLANT,IMG_20250520_perry_0008.png,1,2.3031,,,OK,automated: hsv_hue + otsu_chroma (scripts/07 + scripts/09/11),9/14/26, [area now reported per-petal in separate rows below; see petal_number 1-4 for this plant.] [area merged from separate petal-1 measurement row; weighed petal confirmed = petal 1.],2.3324,2.2738
5/20/25,2,Perry,8,,petal,2,,,,,,14,15,1.0714285714285714,COUNT_OK_ONE_IMAGE_PER_PLANT,Petal_scans,COUNT_OK_ONE_IMAGE_PER_PLANT,IMG_20250520_perry_0008.png,,2.2424,,,OK,automated: hsv_hue + otsu_chroma (scripts/07 + scripts/09/11),,"New row: petal 2 of 4, measured from IMG_20250520_perry_0008.png (segmentation only; no separate weight recorded for this specific petal).",2.2753,2.2096
5/20/25,2,Perry,8,,petal,3,,,,,,14,15,1.0714285714285714,COUNT_OK_ONE_IMAGE_PER_PLANT,Petal_scans,COUNT_OK_ONE_IMAGE_PER_PLANT,IMG_20250520_perry_0008.png,,2.1403,,,OK,automated: hsv_hue + otsu_chroma (scripts/07 + scripts/09/11),,"New row: petal 3 of 4, measured from IMG_20250520_perry_0008.png (segmentation only; no separate weight recorded for this specific petal).",2.1722,2.1085
5/20/25,2,Perry,8,,petal,4,,,,,,14,15,1.0714285714285714,COUNT_OK_ONE_IMAGE_PER_PLANT,Petal_scans,COUNT_OK_ONE_IMAGE_PER_PLANT,IMG_20250520_perry_0008.png,,2.1029,,,OK,automated: hsv_hue + otsu_chroma (scripts/07 + scripts/09/11),,"New row: petal 4 of 4, measured from IMG_20250520_perry_0008.png (segmentation only; no separate weight recorded for this specific petal).",2.126,2.0798
5/20/25,2,Perry,9,0.03275,petal,1,,,0.00435,0.0284,0.867175573,14,15,1.0714285714285714,COUNT_OK_ONE_IMAGE_PER_PLANT,Petal_scans,COUNT_OK_ONE_IMAGE_PER_PLANT,IMG_20250520_perry_0009.png,1,3.7072,,,OK,automated: hsv_hue + otsu_chroma (scripts/07 + scripts/09/11),9/14/26, [area now reported per-petal in separate rows below; see petal_number 1-4 for this plant.] [area merged from separate petal-1 measurement row; weighed petal confirmed = petal 1.],3.7407,3.6738
5/20/25,2,Perry,9,,petal,2,,,,,,14,15,1.0714285714285714,COUNT_OK_ONE_IMAGE_PER_PLANT,Petal_scans,COUNT_OK_ONE_IMAGE_PER_PLANT,IMG_20250520_perry_0009.png,,4.1383,,,OK,automated: hsv_hue + otsu_chroma (scripts/07 + scripts/09/11),,"New row: petal 2 of 4, measured from IMG_20250520_perry_0009.png (segmentation only; no separate weight recorded for this specific petal).",4.1511,4.1255
5/20/25,2,Perry,9,,petal,3,,,,,,14,15,1.0714285714285714,COUNT_OK_ONE_IMAGE_PER_PLANT,Petal_scans,COUNT_OK_ONE_IMAGE_PER_PLANT,IMG_20250520_perry_0009.png,,3.4894,,,OK,automated: hsv_hue + otsu_chroma (scripts/07 + scripts/09/11),,"New row: petal 3 of 4, measured from IMG_20250520_perry_0009.png (segmentation only; no separate weight recorded for this specific petal).",3.5319,3.4468
5/20/25,2,Perry,9,,petal,4,,,,,,14,15,1.0714285714285714,COUNT_OK_ONE_IMAGE_PER_PLANT,Petal_scans,COUNT_OK_ONE_IMAGE_PER_PLANT,IMG_20250520_perry_0009.png,,4.1344,,,OK,automated: hsv_hue + otsu_chroma (scripts/07 + scripts/09/11),,"New row: petal 4 of 4, measured from IMG_20250520_perry_0009.png (segmentation only; no separate weight recorded for this specific petal).",4.1457,4.1232
5/20/25,2,Perry,10,0.02703,petal,1,,,0.00402,0.02301,0.85127636,14,15,1.0714285714285714,COUNT_OK_ONE_IMAGE_PER_PLANT,Petal_scans,COUNT_OK_ONE_IMAGE_PER_PLANT,IMG_20250520_perry_0010.png,1,3.9551,,,OK,automated: hsv_hue + otsu_chroma (scripts/07 + scripts/09/11),9/14/26, [area now reported per-petal in separate rows below; see petal_number 1-4 for this plant.] [area merged from separate petal-1 measurement row; weighed petal confirmed = petal 1.],3.9894,3.9208
5/20/25,2,Perry,10,,petal,2,,,,,,14,15,1.0714285714285714,COUNT_OK_ONE_IMAGE_PER_PLANT,Petal_scans,COUNT_OK_ONE_IMAGE_PER_PLANT,IMG_20250520_perry_0010.png,,3.4912,,,OK,automated: hsv_hue + otsu_chroma (scripts/07 + scripts/09/11),,"New row: petal 2 of 4, measured from IMG_20250520_perry_0010.png (segmentation only; no separate weight recorded for this specific petal).",3.5298,3.4526
5/20/25,2,Perry,10,,petal,3,,,,,,14,15,1.0714285714285714,COUNT_OK_ONE_IMAGE_PER_PLANT,Petal_scans,COUNT_OK_ONE_IMAGE_PER_PLANT,IMG_20250520_perry_0010.png,,3.978,,,OK,automated: hsv_hue + otsu_chroma (scripts/07 + scripts/09/11),,"New row: petal 3 of 4, measured from IMG_20250520_perry_0010.png (segmentation only; no separate weight recorded for this specific petal).",4.0193,3.9367
5/20/25,2,Perry,10,,petal,4,,,,,,14,15,1.0714285714285714,COUNT_OK_ONE_IMAGE_PER_PLANT,Petal_scans,COUNT_OK_ONE_IMAGE_PER_PLANT,IMG_20250520_perry_0010.png,,3.1617,,,OK,automated: hsv_hue + otsu_chroma (scripts/07 + scripts/09/11),,"New row: petal 4 of 4, measured from IMG_20250520_perry_0010.png (segmentation only; no separate weight recorded for this specific petal).",3.1855,3.1379
5/20/25,2,Perry,11,0.03718,petal,1,,,0.00453,0.03265,0.8781603012372243,14,15,1.0714285714285714,COUNT_OK_ONE_IMAGE_PER_PLANT,Petal_scans,COUNT_OK_ONE_IMAGE_PER_PLANT,IMG_20250520_perry_0011.png,1,4.3345,,,OK,automated: hsv_hue + otsu_chroma (scripts/07 + scripts/09/11),9/14/26, [area now reported per-petal in separate rows below; see petal_number 1-4 for this plant.] [area merged from separate petal-1 measurement row; weighed petal confirmed = petal 1.],4.3803,4.2887
5/20/25,2,Perry,11,,petal,2,,,,,,14,15,1.0714285714285714,COUNT_OK_ONE_IMAGE_PER_PLANT,Petal_scans,COUNT_OK_ONE_IMAGE_PER_PLANT,IMG_20250520_perry_0011.png,,4.249,,,OK,automated: hsv_hue + otsu_chroma (scripts/07 + scripts/09/11),,"New row: petal 2 of 4, measured from IMG_20250520_perry_0011.png (segmentation only; no separate weight recorded for this specific petal).",4.2813,4.2166
5/20/25,2,Perry,11,,petal,3,,,,,,14,15,1.0714285714285714,COUNT_OK_ONE_IMAGE_PER_PLANT,Petal_scans,COUNT_OK_ONE_IMAGE_PER_PLANT,IMG_20250520_perry_0011.png,,4.4605,,,OK,automated: hsv_hue + otsu_chroma (scripts/07 + scripts/09/11),,"New row: petal 3 of 4, measured from IMG_20250520_perry_0011.png (segmentation only; no separate weight recorded for this specific petal).",4.5072,4.4138
5/20/25,2,Perry,11,,petal,4,,,,,,14,15,1.0714285714285714,COUNT_OK_ONE_IMAGE_PER_PLANT,Petal_scans,COUNT_OK_ONE_IMAGE_PER_PLANT,IMG_20250520_perry_0011.png,,4.013,,,OK,automated: hsv_hue + otsu_chroma (scripts/07 + scripts/09/11),,"New row: petal 4 of 4, measured from IMG_20250520_perry_0011.png (segmentation only; no separate weight recorded for this specific petal).",4.0605,3.9654
5/20/25,2,Perry,12,0.0159,petal,1,,,0.00264,0.01326,0.8339622641509433,14,15,1.0714285714285714,COUNT_OK_ONE_IMAGE_PER_PLANT,Petal_scans,COUNT_OK_ONE_IMAGE_PER_PLANT,IMG_20250520_perry_0012.png,1,3.3224,,22.58,PROVISIONAL_LARGEST_REGION_PETAL_NUMBER_NOT_ASSIGNED,automated: hsv_hue + otsu_chroma (scripts/07_segment_petal_area.py),9/14/26," [value is the largest of 4 detected regions, NOT a verified single-petal measurement; per-petal assignment pending manual review, see petal_number_review_needed.csv.]",2.9854,3.6594
5/20/25,2,Perry,13,0.00875,petal,1,,,0.0014,0.00735,0.84,14,15,1.0714285714285714,COUNT_OK_ONE_IMAGE_PER_PLANT,Petal_scans,COUNT_OK_ONE_IMAGE_PER_PLANT,IMG_20250520_perry_0013.png,1,1.5714,,7.54,PROVISIONAL_LARGEST_REGION_PETAL_NUMBER_NOT_ASSIGNED,automated: hsv_hue + otsu_chroma (scripts/07_segment_petal_area.py),9/14/26," [value is the largest of 4 detected regions, NOT a verified single-petal measurement; per-petal assignment pending manual review, see petal_number_review_needed.csv.]",1.5143,1.6285
5/20/25,2,Perry,14,0.02304,petal,1,,,0.00251,0.02053,0.8910590277777776,14,15,1.0714285714285714,COUNT_OK_ONE_IMAGE_PER_PLANT,Petal_scans,COUNT_OK_ONE_IMAGE_PER_PLANT,IMG_20250520_perry_0014.png,1,2.5048,,18.62,PROVISIONAL_LARGEST_REGION_PETAL_NUMBER_NOT_ASSIGNED,automated: hsv_hue + otsu_chroma (scripts/07_segment_petal_area.py),9/14/26," [value is the largest of 4 detected regions, NOT a verified single-petal measurement; per-petal assignment pending manual review, see petal_number_review_needed.csv.]",2.2915,2.7181
5/20/25,2,Perry,15,0.01784,petal,1,,,0.00221,0.01563,0.8761210762331838,14,15,1.0714285714285714,COUNT_OK_ONE_IMAGE_PER_PLANT,Petal_scans,COUNT_OK_ONE_IMAGE_PER_PLANT,IMG_20250520_perry_0015.png,1,1.9488,,,OK,automated: hsv_hue + otsu_chroma (scripts/07 + scripts/09/11),9/14/26,"cm2, otsu_chroma=[2.5409] cm2.] [area now reported per-petal in separate rows below; see petal_number 1-4 for this plant.] [area merged from separate petal-1 measurement row; weighed petal confirmed = petal 1.]",1.6915,2.206
5/20/25,2,Perry,15,0.02195,petal,2,,,0.00565,0.0163,0.7425968109339408,14,15,1.0714285714285714,COUNT_OK_ONE_IMAGE_PER_PLANT,Petal_scans,COUNT_OK_ONE_IMAGE_PER_PLANT,IMG_20250520_perry_0015.png,1,2.3658,,15.99,OK,automated: hsv_hue + otsu_chroma (scripts/07 + scripts/09/11),9/14/26,"cm2, otsu_chroma=[2.5409] cm2.]",2.1907,2.5409
5/20/25,2,Perry,15,0.02179,petal,3,,,0.00237,0.01942,0.8912345112436898,14,15,1.0714285714285714,COUNT_OK_ONE_IMAGE_PER_PLANT,Petal_scans,COUNT_OK_ONE_IMAGE_PER_PLANT,IMG_20250520_perry_0015.png,1,2.2318,,15.99,OK,automated: hsv_hue + otsu_chroma (scripts/07 + scripts/09/11),9/14/26,"cm2, otsu_chroma=[2.5409] cm2.]",2.0065,2.4571
5/20/25,2,Perry,15,0.01907,petal,4,,,0.00274,0.01633,0.8563188253801784,14,15,1.0714285714285714,COUNT_OK_ONE_IMAGE_PER_PLANT,Petal_scans,COUNT_OK_ONE_IMAGE_PER_PLANT,IMG_20250520_perry_0015.png,1,2.0744,,15.99,OK,automated: hsv_hue + otsu_chroma (scripts/07 + scripts/09/11),9/14/26,"cm2, otsu_chroma=[2.5409] cm2.]",1.9074,2.2415
5/22/25,2,Cojo,1,0.01722,petal,,,,0.00227,0.01495,0.8681765389082462,15,15,1,COUNT_OK_ONE_IMAGE_PER_PLANT,Petal_scans,COUNT_OK_ONE_IMAGE_PER_PLANT,IMG_20250522_cojo_0001.png,1,,,,,,9/14/26," [2 plants share this scan; per-plant region assignment not yet done. Detected primary regions: hsv_hue=[3.0627] cm2, otsu_chroma=[3.0051] cm2.] [2 plants share this scan; per-plant region assignment not yet done. Detected primary regions: hsv_hue=[3.0627] cm2, otsu_chroma=[3.0051] cm2.] [area now reported per-petal in separate rows below; see petal_number 1-4 for this plant.]",,
5/22/25,2,Cojo,1,0.08142,petal,,,,,,,15,15,1,COUNT_OK_ONE_IMAGE_PER_PLANT,Petal_scans,COUNT_OK_ONE_IMAGE_PER_PLANT,IMG_20250522_cojo_0001.png,1,,,,,,9/14/26," [2 plants share this scan; per-plant region assignment not yet done. Detected primary regions: hsv_hue=[3.0627] cm2, otsu_chroma=[3.0051] cm2.] [2 plants share this scan; per-plant region assignment not yet done. Detected primary regions: hsv_hue=[3.0627] cm2, otsu_chroma=[3.0051] cm2.] [area now reported per-petal in separate rows below; see petal_number 1-4 for this plant.]",,
5/22/25,2,Cojo,1,,petal,1,,,,,,15,15,1,COUNT_OK_ONE_IMAGE_PER_PLANT,Petal_scans,COUNT_OK_ONE_IMAGE_PER_PLANT,IMG_20250522_cojo_0001.png,,2.5344,,,OK,automated: hsv_hue + otsu_chroma (scripts/07 + scripts/09/11),,"New row: petal 1 of 4, measured from IMG_20250522_cojo_0001.png (segmentation only; no separate weight recorded for this specific petal).",2.5569,2.5118
5/22/25,2,Cojo,1,,petal,2,,,,,,15,15,1,COUNT_OK_ONE_IMAGE_PER_PLANT,Petal_scans,COUNT_OK_ONE_IMAGE_PER_PLANT,IMG_20250522_cojo_0001.png,,2.7583,,,OK,automated: hsv_hue + otsu_chroma (scripts/07 + scripts/09/11),,"New row: petal 2 of 4, measured from IMG_20250522_cojo_0001.png (segmentation only; no separate weight recorded for this specific petal).",2.7896,2.7269
5/22/25,2,Cojo,1,,petal,3,,,,,,15,15,1,COUNT_OK_ONE_IMAGE_PER_PLANT,Petal_scans,COUNT_OK_ONE_IMAGE_PER_PLANT,IMG_20250522_cojo_0001.png,,2.9691,,,OK,automated: hsv_hue + otsu_chroma (scripts/07 + scripts/09/11),,"New row: petal 3 of 4, measured from IMG_20250522_cojo_0001.png (segmentation only; no separate weight recorded for this specific petal).",2.9888,2.9494
5/22/25,2,Cojo,1,,petal,4,,,,,,15,15,1,COUNT_OK_ONE_IMAGE_PER_PLANT,Petal_scans,COUNT_OK_ONE_IMAGE_PER_PLANT,IMG_20250522_cojo_0001.png,,3.0339,,,OK,automated: hsv_hue + otsu_chroma (scripts/07 + scripts/09/11),,"New row: petal 4 of 4, measured from IMG_20250522_cojo_0001.png (segmentation only; no separate weight recorded for this specific petal).",3.0627,3.0051
5/22/25,2,Cojo,2,0.0898,flower,,,,,,,15,15,1,COUNT_OK_ONE_IMAGE_PER_PLANT,Petal_scans,COUNT_OK_ONE_IMAGE_PER_PLANT,IMG_20250522_cojo_0002.png,1,2.7686,,53.45,PROVISIONAL_LARGEST_REGION_PETAL_NUMBER_NOT_ASSIGNED,automated: hsv_hue + otsu_chroma (scripts/07_segment_petal_area.py),9/14/26," [2 plants share this scan; per-plant region assignment not yet done. Detected primary regions: hsv_hue=[2.1847] cm2, otsu_chroma=[3.3525] cm2.] [2 plants share this scan; per-plant region assignment not yet done. Detected primary regions: hsv_hue=[2.1847] cm2, otsu_chroma=[3.3525] cm2.] [value is the largest of 4 detected regions, NOT a verified single-petal measurement; per-petal assignment pending manual review, see petal_number_review_needed.csv.]",2.1847,3.3525
5/22/25,2,Cojo,2,0.0244,petal,1,,,0.00275,0.02165,0.8872950819672131,15,15,1,COUNT_OK_ONE_IMAGE_PER_PLANT,Petal_scans,COUNT_OK_ONE_IMAGE_PER_PLANT,IMG_20250522_cojo_0002.png,1,2.7686,,53.45,PROVISIONAL_LARGEST_REGION_PETAL_NUMBER_NOT_ASSIGNED,automated: hsv_hue + otsu_chroma (scripts/07_segment_petal_area.py),9/14/26," [2 plants share this scan; per-plant region assignment not yet done. Detected primary regions: hsv_hue=[2.1847] cm2, otsu_chroma=[3.3525] cm2.] [2 plants share this scan; per-plant region assignment not yet done. Detected primary regions: hsv_hue=[2.1847] cm2, otsu_chroma=[3.3525] cm2.] [value is the largest of 4 detected regions, NOT a verified single-petal measurement; per-petal assignment pending manual review, see petal_number_review_needed.csv.]",2.1847,3.3525
5/22/25,2,Cojo,3,0.11245,flower,,,,,,,15,15,1,COUNT_OK_ONE_IMAGE_PER_PLANT,Petal_scans,COUNT_OK_ONE_IMAGE_PER_PLANT,IMG_20250522_cojo_0003.png,1,3.9281,,11.69,PROVISIONAL_LARGEST_REGION_PETAL_NUMBER_NOT_ASSIGNED,automated: hsv_hue + otsu_chroma (scripts/07_segment_petal_area.py),9/14/26," [2 plants share this scan; per-plant region assignment not yet done. Detected primary regions: hsv_hue=[3.7111] cm2, otsu_chroma=[4.1451] cm2.] [2 plants share this scan; per-plant region assignment not yet done. Detected primary regions: hsv_hue=[3.7111] cm2, otsu_chroma=[4.1451] cm2.] [value is the largest of 4 detected regions, NOT a verified single-petal measurement; per-petal assignment pending manual review, see petal_number_review_needed.csv.]",3.7111,4.1451
5/22/25,2,Cojo,3,0.03316,petal,1,,,0.00489,0.02827,0.8525331724969843,15,15,1,COUNT_OK_ONE_IMAGE_PER_PLANT,Petal_scans,COUNT_OK_ONE_IMAGE_PER_PLANT,IMG_20250522_cojo_0003.png,1,3.9281,,11.69,PROVISIONAL_LARGEST_REGION_PETAL_NUMBER_NOT_ASSIGNED,automated: hsv_hue + otsu_chroma (scripts/07_segment_petal_area.py),9/14/26," [2 plants share this scan; per-plant region assignment not yet done. Detected primary regions: hsv_hue=[3.7111] cm2, otsu_chroma=[4.1451] cm2.] [2 plants share this scan; per-plant region assignment not yet done. Detected primary regions: hsv_hue=[3.7111] cm2, otsu_chroma=[4.1451] cm2.] [value is the largest of 4 detected regions, NOT a verified single-petal measurement; per-petal assignment pending manual review, see petal_number_review_needed.csv.]",3.7111,4.1451
5/22/25,2,Cojo,4,0.06603,flower,,,,,,,15,15,1,COUNT_OK_ONE_IMAGE_PER_PLANT,Petal_scans,COUNT_OK_ONE_IMAGE_PER_PLANT,IMG_20250522_cojo_0004.png,1,,,,,,9/14/26," [2 plants share this scan; per-plant region assignment not yet done. Detected primary regions: hsv_hue=[2.1307] cm2, otsu_chroma=[2.4148] cm2.] [2 plants share this scan; per-plant region assignment not yet done. Detected primary regions: hsv_hue=[2.1307] cm2, otsu_chroma=[2.4148] cm2.] [area now reported per-petal in separate rows below; see petal_number 1-4 for this plant.]",,
5/22/25,2,Cojo,4,0.0179,petal,1,,,0.00256,0.01534,0.8569832402234637,15,15,1,COUNT_OK_ONE_IMAGE_PER_PLANT,Petal_scans,COUNT_OK_ONE_IMAGE_PER_PLANT,IMG_20250522_cojo_0004.png,1,1.8777,,,OK,automated: hsv_hue + otsu_chroma (scripts/07 + scripts/09/11),9/14/26,"cm2, otsu_chroma=[2.4148] cm2.] [area now reported per-petal in separate rows below; see petal_number 1-4 for this plant.] [area merged from separate petal-1 measurement row; weighed petal confirmed = petal 1.]",1.7692,1.9862
5/22/25,2,Cojo,4,,petal,2,,,,,,15,15,1,COUNT_OK_ONE_IMAGE_PER_PLANT,Petal_scans,COUNT_OK_ONE_IMAGE_PER_PLANT,IMG_20250522_cojo_0004.png,,2.2728,,,OK,automated: hsv_hue + otsu_chroma (scripts/07 + scripts/09/11),,"New row: petal 2 of 4, measured from IMG_20250522_cojo_0004.png (segmentation only; no separate weight recorded for this specific petal).",2.1307,2.4148
5/22/25,2,Cojo,4,,petal,3,,,,,,15,15,1,COUNT_OK_ONE_IMAGE_PER_PLANT,Petal_scans,COUNT_OK_ONE_IMAGE_PER_PLANT,IMG_20250522_cojo_0004.png,,1.9323,,,OK,automated: hsv_hue + otsu_chroma (scripts/07 + scripts/09/11),,"New row: petal 3 of 4, measured from IMG_20250522_cojo_0004.png (segmentation only; no separate weight recorded for this specific petal).",1.812,2.0526
5/22/25,2,Cojo,4,,petal,4,,,,,,15,15,1,COUNT_OK_ONE_IMAGE_PER_PLANT,Petal_scans,COUNT_OK_ONE_IMAGE_PER_PLANT,IMG_20250522_cojo_0004.png,,2.256,,,OK,automated: hsv_hue + otsu_chroma (scripts/07 + scripts/09/11),,"New row: petal 4 of 4, measured from IMG_20250522_cojo_0004.png (segmentation only; no separate weight recorded for this specific petal).",2.1186,2.3935
5/22/25,2,Cojo,5,0.12799,flower,,,,,,,15,15,1,COUNT_OK_ONE_IMAGE_PER_PLANT,Petal_scans,COUNT_OK_ONE_IMAGE_PER_PLANT,IMG_20250522_cojo_0005.png,1,4.195,,5.44,PROVISIONAL_LARGEST_REGION_PETAL_NUMBER_NOT_ASSIGNED,automated: hsv_hue + otsu_chroma (scripts/07_segment_petal_area.py),9/14/26," [2 plants share this scan; per-plant region assignment not yet done. Detected primary regions: hsv_hue=[4.0839] cm2, otsu_chroma=[4.306] cm2.] [2 plants share this scan; per-plant region assignment not yet done. Detected primary regions: hsv_hue=[4.0839] cm2, otsu_chroma=[4.306] cm2.] [value is the largest of 4 detected regions, NOT a verified single-petal measurement; per-petal assignment pending manual review, see petal_number_review_needed.csv.]",4.0839,4.306
5/22/25,2,Cojo,5,0.03623,petal,1,,,0.00508,0.03115,0.8597847088048578,15,15,1,COUNT_OK_ONE_IMAGE_PER_PLANT,Petal_scans,COUNT_OK_ONE_IMAGE_PER_PLANT,IMG_20250522_cojo_0005.png,1,4.195,,5.44,PROVISIONAL_LARGEST_REGION_PETAL_NUMBER_NOT_ASSIGNED,automated: hsv_hue + otsu_chroma (scripts/07_segment_petal_area.py),9/14/26," [2 plants share this scan; per-plant region assignment not yet done. Detected primary regions: hsv_hue=[4.0839] cm2, otsu_chroma=[4.306] cm2.] [2 plants share this scan; per-plant region assignment not yet done. Detected primary regions: hsv_hue=[4.0839] cm2, otsu_chroma=[4.306] cm2.] [value is the largest of 4 detected regions, NOT a verified single-petal measurement; per-petal assignment pending manual review, see petal_number_review_needed.csv.]",4.0839,4.306
5/22/25,2,Cojo,6,0.06819,flower,,,,,,,15,15,1,COUNT_OK_ONE_IMAGE_PER_PLANT,Petal_scans,COUNT_OK_ONE_IMAGE_PER_PLANT,IMG_20250522_cojo_0006.png,1,2.5436,,19.39,PROVISIONAL_LARGEST_REGION_PETAL_NUMBER_NOT_ASSIGNED,automated: hsv_hue + otsu_chroma (scripts/07_segment_petal_area.py),9/14/26," [2 plants share this scan; per-plant region assignment not yet done. Detected primary regions: hsv_hue=[2.3188] cm2, otsu_chroma=[2.7685] cm2.] [2 plants share this scan; per-plant region assignment not yet done. Detected primary regions: hsv_hue=[2.3188] cm2, otsu_chroma=[2.7685] cm2.] [value is the largest of 4 detected regions, NOT a verified single-petal measurement; per-petal assignment pending manual review, see petal_number_review_needed.csv.]",2.3188,2.7685
5/22/25,2,Cojo,6,0.01882,petal,1,,,0.00211,0.01671,0.887885228,15,15,1,COUNT_OK_ONE_IMAGE_PER_PLANT,Petal_scans,COUNT_OK_ONE_IMAGE_PER_PLANT,IMG_20250522_cojo_0006.png,1,2.5436,,19.39,PROVISIONAL_LARGEST_REGION_PETAL_NUMBER_NOT_ASSIGNED,automated: hsv_hue + otsu_chroma (scripts/07_segment_petal_area.py),9/14/26," [2 plants share this scan; per-plant region assignment not yet done. Detected primary regions: hsv_hue=[2.3188] cm2, otsu_chroma=[2.7685] cm2.] [2 plants share this scan; per-plant region assignment not yet done. Detected primary regions: hsv_hue=[2.3188] cm2, otsu_chroma=[2.7685] cm2.] [value is the largest of 4 detected regions, NOT a verified single-petal measurement; per-petal assignment pending manual review, see petal_number_review_needed.csv.]",2.3188,2.7685
5/22/25,2,Cojo,7,0.12113,flower,,,,,,,15,15,1,COUNT_OK_ONE_IMAGE_PER_PLANT,Petal_scans,COUNT_OK_ONE_IMAGE_PER_PLANT,IMG_20250522_cojo_0007.png,1,,,,,,9/14/26," [2 plants share this scan; per-plant region assignment not yet done. Detected primary regions: hsv_hue=[4.4959] cm2, otsu_chroma=[4.4333] cm2.] [2 plants share this scan; per-plant region assignment not yet done. Detected primary regions: hsv_hue=[4.4959] cm2, otsu_chroma=[4.4333] cm2.] [area now reported per-petal in separate rows below; see petal_number 1-4 for this plant.]",,
5/22/25,2,Cojo,7,0.03186,petal,1,,,0.0044,0.02746,0.861895794,15,15,1,COUNT_OK_ONE_IMAGE_PER_PLANT,Petal_scans,COUNT_OK_ONE_IMAGE_PER_PLANT,IMG_20250522_cojo_0007.png,1,3.9281,,,OK,automated: hsv_hue + otsu_chroma (scripts/07 + scripts/09/11),9/14/26,"cm2, otsu_chroma=[4.4333] cm2.] [area now reported per-petal in separate rows below; see petal_number 1-4 for this plant.] [area merged from separate petal-1 measurement row; weighed petal confirmed = petal 1.]",3.969,3.8872
5/22/25,2,Cojo,7,,petal,2,,,,,,15,15,1,COUNT_OK_ONE_IMAGE_PER_PLANT,Petal_scans,COUNT_OK_ONE_IMAGE_PER_PLANT,IMG_20250522_cojo_0007.png,,4.4646,,,OK,automated: hsv_hue + otsu_chroma (scripts/07 + scripts/09/11),,"New row: petal 2 of 4, measured from IMG_20250522_cojo_0007.png (segmentation only; no separate weight recorded for this specific petal).",4.4959,4.4333
5/22/25,2,Cojo,7,,petal,3,,,,,,15,15,1,COUNT_OK_ONE_IMAGE_PER_PLANT,Petal_scans,COUNT_OK_ONE_IMAGE_PER_PLANT,IMG_20250522_cojo_0007.png,,3.6778,,,OK,automated: hsv_hue + otsu_chroma (scripts/07 + scripts/09/11),,"New row: petal 3 of 4, measured from IMG_20250522_cojo_0007.png (segmentation only; no separate weight recorded for this specific petal).",3.7109,3.6446
5/22/25,2,Cojo,7,,petal,4,,,,,,15,15,1,COUNT_OK_ONE_IMAGE_PER_PLANT,Petal_scans,COUNT_OK_ONE_IMAGE_PER_PLANT,IMG_20250522_cojo_0007.png,,4.4284,,,OK,automated: hsv_hue + otsu_chroma (scripts/07 + scripts/09/11),,"New row: petal 4 of 4, measured from IMG_20250522_cojo_0007.png (segmentation only; no separate weight recorded for this specific petal).",4.4723,4.3846
5/22/25,2,Cojo,8,0.07373,flower,,,,,,,15,15,1,COUNT_OK_ONE_IMAGE_PER_PLANT,Petal_scans,COUNT_OK_ONE_IMAGE_PER_PLANT,IMG_20250522_cojo_0008.png,1,2.557,,6.28,PROVISIONAL_LARGEST_REGION_PETAL_NUMBER_NOT_ASSIGNED,automated: hsv_hue + otsu_chroma (scripts/07_segment_petal_area.py),9/14/26," [2 plants share this scan; per-plant region assignment not yet done. Detected primary regions: hsv_hue=[2.4791] cm2, otsu_chroma=[2.6349] cm2.] [2 plants share this scan; per-plant region assignment not yet done. Detected primary regions: hsv_hue=[2.4791] cm2, otsu_chroma=[2.6349] cm2.] [value is the largest of 4 detected regions, NOT a verified single-petal measurement; per-petal assignment pending manual review, see petal_number_review_needed.csv.]",2.4791,2.6349
5/22/25,2,Cojo,8,0.02037,petal,1,,,0.0028,0.01757,0.8625429553264605,15,15,1,COUNT_OK_ONE_IMAGE_PER_PLANT,Petal_scans,COUNT_OK_ONE_IMAGE_PER_PLANT,IMG_20250522_cojo_0008.png,1,2.557,,6.28,PROVISIONAL_LARGEST_REGION_PETAL_NUMBER_NOT_ASSIGNED,automated: hsv_hue + otsu_chroma (scripts/07_segment_petal_area.py),9/14/26," [2 plants share this scan; per-plant region assignment not yet done. Detected primary regions: hsv_hue=[2.4791] cm2, otsu_chroma=[2.6349] cm2.] [2 plants share this scan; per-plant region assignment not yet done. Detected primary regions: hsv_hue=[2.4791] cm2, otsu_chroma=[2.6349] cm2.] [value is the largest of 4 detected regions, NOT a verified single-petal measurement; per-petal assignment pending manual review, see petal_number_review_needed.csv.]",2.4791,2.6349
5/22/25,2,Cojo,9,0.13656,flower,,,,,,,15,15,1,COUNT_OK_ONE_IMAGE_PER_PLANT,Petal_scans,COUNT_OK_ONE_IMAGE_PER_PLANT,IMG_20250522_cojo_0009.png,1,,,,,,9/14/26," [2 plants share this scan; per-plant region assignment not yet done. Detected primary regions: hsv_hue=[4.7616] cm2, otsu_chroma=[4.6925] cm2.] [2 plants share this scan; per-plant region assignment not yet done. Detected primary regions: hsv_hue=[4.7616] cm2, otsu_chroma=[4.6925] cm2.] [area now reported per-petal in separate rows below; see petal_number 1-4 for this plant.]",,
5/22/25,2,Cojo,9,0.03467,petal,1,,,0.00517,0.0295,0.8508797231035479,15,15,1,COUNT_OK_ONE_IMAGE_PER_PLANT,Petal_scans,COUNT_OK_ONE_IMAGE_PER_PLANT,IMG_20250522_cojo_0009.png,1,4.4306,,,OK,automated: hsv_hue + otsu_chroma (scripts/07 + scripts/09/11),9/14/26,"cm2, otsu_chroma=[4.6925] cm2.] [area now reported per-petal in separate rows below; see petal_number 1-4 for this plant.] [area merged from separate petal-1 measurement row; weighed petal confirmed = petal 1.]",4.4647,4.3966
5/22/25,2,Cojo,9,,petal,2,,,,,,15,15,1,COUNT_OK_ONE_IMAGE_PER_PLANT,Petal_scans,COUNT_OK_ONE_IMAGE_PER_PLANT,IMG_20250522_cojo_0009.png,,4.6628,,,OK,automated: hsv_hue + otsu_chroma (scripts/07 + scripts/09/11),,"New row: petal 2 of 4, measured from IMG_20250522_cojo_0009.png (segmentation only; no separate weight recorded for this specific petal).",4.7019,4.6237
5/22/25,2,Cojo,9,,petal,3,,,,,,15,15,1,COUNT_OK_ONE_IMAGE_PER_PLANT,Petal_scans,COUNT_OK_ONE_IMAGE_PER_PLANT,IMG_20250522_cojo_0009.png,,4.6465,,,OK,automated: hsv_hue + otsu_chroma (scripts/07 + scripts/09/11),,"New row: petal 3 of 4, measured from IMG_20250522_cojo_0009.png (segmentation only; no separate weight recorded for this specific petal).",4.6735,4.6195
5/22/25,2,Cojo,9,,petal,4,,,,,,15,15,1,COUNT_OK_ONE_IMAGE_PER_PLANT,Petal_scans,COUNT_OK_ONE_IMAGE_PER_PLANT,IMG_20250522_cojo_0009.png,,4.727,,,OK,automated: hsv_hue + otsu_chroma (scripts/07 + scripts/09/11),,"New row: petal 4 of 4, measured from IMG_20250522_cojo_0009.png (segmentation only; no separate weight recorded for this specific petal).",4.7616,4.6925
5/22/25,2,Cojo,10,0.04408,flower,,,,,,,15,15,1,COUNT_OK_ONE_IMAGE_PER_PLANT,Petal_scans,COUNT_OK_ONE_IMAGE_PER_PLANT,IMG_20250522_cojo_0010.png,1,,,,,,9/14/26," [2 plants share this scan; per-plant region assignment not yet done. Detected primary regions: hsv_hue=[1.7006] cm2, otsu_chroma=[1.7876] cm2.] [2 plants share this scan; per-plant region assignment not yet done. Detected primary regions: hsv_hue=[1.7006] cm2, otsu_chroma=[1.7876] cm2.] [area now reported per-petal in separate rows below; see petal_number 1-4 for this plant.]",,
5/22/25,2,Cojo,10,0.01145,petal,1,,,0.00207,0.00938,0.8192139737991265,15,15,1,COUNT_OK_ONE_IMAGE_PER_PLANT,Petal_scans,COUNT_OK_ONE_IMAGE_PER_PLANT,IMG_20250522_cojo_0010.png,1,1.7441,,,OK,automated: hsv_hue + otsu_chroma (scripts/07 + scripts/09/11),9/14/26,"cm2, otsu_chroma=[1.7876] cm2.] [area now reported per-petal in separate rows below; see petal_number 1-4 for this plant.] [area merged from separate petal-1 measurement row; weighed petal confirmed = petal 1.]",1.7006,1.7876
5/22/25,2,Cojo,10,,petal,2,,,,,,15,15,1,COUNT_OK_ONE_IMAGE_PER_PLANT,Petal_scans,COUNT_OK_ONE_IMAGE_PER_PLANT,IMG_20250522_cojo_0010.png,,1.5634,,,OK,automated: hsv_hue + otsu_chroma (scripts/07 + scripts/09/11),,"New row: petal 2 of 4, measured from IMG_20250522_cojo_0010.png (segmentation only; no separate weight recorded for this specific petal).",1.5499,1.5768
5/22/25,2,Cojo,10,,petal,3,,,,,,15,15,1,COUNT_OK_ONE_IMAGE_PER_PLANT,Petal_scans,COUNT_OK_ONE_IMAGE_PER_PLANT,IMG_20250522_cojo_0010.png,,1.6664,,,OK,automated: hsv_hue + otsu_chroma (scripts/07 + scripts/09/11),,"New row: petal 3 of 4, measured from IMG_20250522_cojo_0010.png (segmentation only; no separate weight recorded for this specific petal).",1.6673,1.6654
5/22/25,2,Cojo,10,,petal,4,,,,,,15,15,1,COUNT_OK_ONE_IMAGE_PER_PLANT,Petal_scans,COUNT_OK_ONE_IMAGE_PER_PLANT,IMG_20250522_cojo_0010.png,,1.5476,,,OK,automated: hsv_hue + otsu_chroma (scripts/07 + scripts/09/11),,"New row: petal 4 of 4, measured from IMG_20250522_cojo_0010.png (segmentation only; no separate weight recorded for this specific petal).",1.529,1.5661
5/22/25,2,Cojo,11,0.07742,flower,,,,,,,15,15,1,COUNT_OK_ONE_IMAGE_PER_PLANT,Petal_scans,COUNT_OK_ONE_IMAGE_PER_PLANT,IMG_20250522_cojo_0011.png,1,,,,,,9/14/26," [2 plants share this scan; per-plant region assignment not yet done. Detected primary regions: hsv_hue=[2.7145] cm2, otsu_chroma=[2.6731] cm2.] [2 plants share this scan; per-plant region assignment not yet done. Detected primary regions: hsv_hue=[2.7145] cm2, otsu_chroma=[2.6731] cm2.] [area now reported per-petal in separate rows below; see petal_number 1-4 for this plant.]",,
5/22/25,2,Cojo,11,0.02061,petal,1,,,0.00272,0.01789,0.8680252304706453,15,15,1,COUNT_OK_ONE_IMAGE_PER_PLANT,Petal_scans,COUNT_OK_ONE_IMAGE_PER_PLANT,IMG_20250522_cojo_0011.png,1,2.3945,,,OK,automated: hsv_hue + otsu_chroma (scripts/07 + scripts/09/11),9/14/26,"cm2, otsu_chroma=[2.6731] cm2.] [area now reported per-petal in separate rows below; see petal_number 1-4 for this plant.] [area merged from separate petal-1 measurement row; weighed petal confirmed = petal 1.]",2.4177,2.3713
5/22/25,2,Cojo,11,,petal,2,,,,,,15,15,1,COUNT_OK_ONE_IMAGE_PER_PLANT,Petal_scans,COUNT_OK_ONE_IMAGE_PER_PLANT,IMG_20250522_cojo_0011.png,,2.6938,,,OK,automated: hsv_hue + otsu_chroma (scripts/07 + scripts/09/11),,"New row: petal 2 of 4, measured from IMG_20250522_cojo_0011.png (segmentation only; no separate weight recorded for this specific petal).",2.7145,2.6731
5/22/25,2,Cojo,11,,petal,3,,,,,,15,15,1,COUNT_OK_ONE_IMAGE_PER_PLANT,Petal_scans,COUNT_OK_ONE_IMAGE_PER_PLANT,IMG_20250522_cojo_0011.png,,2.3754,,,OK,automated: hsv_hue + otsu_chroma (scripts/07 + scripts/09/11),,"New row: petal 3 of 4, measured from IMG_20250522_cojo_0011.png (segmentation only; no separate weight recorded for this specific petal).",2.3942,2.3566
5/22/25,2,Cojo,11,,petal,4,,,,,,15,15,1,COUNT_OK_ONE_IMAGE_PER_PLANT,Petal_scans,COUNT_OK_ONE_IMAGE_PER_PLANT,IMG_20250522_cojo_0011.png,,2.6176,,,OK,automated: hsv_hue + otsu_chroma (scripts/07 + scripts/09/11),,"New row: petal 4 of 4, measured from IMG_20250522_cojo_0011.png (segmentation only; no separate weight recorded for this specific petal).",2.6308,2.6044
5/22/25,2,Cojo,12,0.08443,flower,,,,,,,15,15,1,COUNT_OK_ONE_IMAGE_PER_PLANT,Petal_scans,COUNT_OK_ONE_IMAGE_PER_PLANT,IMG_20250522_cojo_0012.png,1,2.9034,,-2.23,PROVISIONAL_LARGEST_REGION_PETAL_NUMBER_NOT_ASSIGNED,automated: hsv_hue + otsu_chroma (scripts/07_segment_petal_area.py),9/14/26," [2 plants share this scan; per-plant region assignment not yet done. Detected primary regions: hsv_hue=[2.9361] cm2, otsu_chroma=[2.8706] cm2.] [2 plants share this scan; per-plant region assignment not yet done. Detected primary regions: hsv_hue=[2.9361] cm2, otsu_chroma=[2.8706] cm2.] [value is the largest of 4 detected regions, NOT a verified single-petal measurement; per-petal assignment pending manual review, see petal_number_review_needed.csv.]",2.9361,2.8706
5/22/25,2,Cojo,12,0.02316,petal,1,,,0.00241,0.02075,0.8959412780656304,15,15,1,COUNT_OK_ONE_IMAGE_PER_PLANT,Petal_scans,COUNT_OK_ONE_IMAGE_PER_PLANT,IMG_20250522_cojo_0012.png,1,2.9034,,-2.23,PROVISIONAL_LARGEST_REGION_PETAL_NUMBER_NOT_ASSIGNED,automated: hsv_hue + otsu_chroma (scripts/07_segment_petal_area.py),9/14/26," [2 plants share this scan; per-plant region assignment not yet done. Detected primary regions: hsv_hue=[2.9361] cm2, otsu_chroma=[2.8706] cm2.] [2 plants share this scan; per-plant region assignment not yet done. Detected primary regions: hsv_hue=[2.9361] cm2, otsu_chroma=[2.8706] cm2.] [value is the largest of 4 detected regions, NOT a verified single-petal measurement; per-petal assignment pending manual review, see petal_number_review_needed.csv.]",2.9361,2.8706
5/22/25,2,Cojo,13,0.13244,flower,,,,,,,15,15,1,COUNT_OK_ONE_IMAGE_PER_PLANT,Petal_scans,COUNT_OK_ONE_IMAGE_PER_PLANT,IMG_20250522_cojo_0013.png,1,3.9955,,18.56,PROVISIONAL_LARGEST_REGION_PETAL_NUMBER_NOT_ASSIGNED,automated: hsv_hue + otsu_chroma (scripts/07_segment_petal_area.py),9/14/26," [2 plants share this scan; per-plant region assignment not yet done. Detected primary regions: hsv_hue=[3.6562] cm2, otsu_chroma=[4.3348] cm2.] [2 plants share this scan; per-plant region assignment not yet done. Detected primary regions: hsv_hue=[3.6562] cm2, otsu_chroma=[4.3348] cm2.] [value is the largest of 4 detected regions, NOT a verified single-petal measurement; per-petal assignment pending manual review, see petal_number_review_needed.csv.]",3.6562,4.3348
5/22/25,2,Cojo,13,0.03495,petal,1,,,0.00409,0.03086,0.8829756795422032,15,15,1,COUNT_OK_ONE_IMAGE_PER_PLANT,Petal_scans,COUNT_OK_ONE_IMAGE_PER_PLANT,IMG_20250522_cojo_0013.png,1,3.9955,,18.56,PROVISIONAL_LARGEST_REGION_PETAL_NUMBER_NOT_ASSIGNED,automated: hsv_hue + otsu_chroma (scripts/07_segment_petal_area.py),9/14/26," [2 plants share this scan; per-plant region assignment not yet done. Detected primary regions: hsv_hue=[3.6562] cm2, otsu_chroma=[4.3348] cm2.] [2 plants share this scan; per-plant region assignment not yet done. Detected primary regions: hsv_hue=[3.6562] cm2, otsu_chroma=[4.3348] cm2.] [value is the largest of 4 detected regions, NOT a verified single-petal measurement; per-petal assignment pending manual review, see petal_number_review_needed.csv.]",3.6562,4.3348
5/22/25,2,Cojo,14,0.13173,flower,,,,,,,15,15,1,COUNT_OK_ONE_IMAGE_PER_PLANT,Petal_scans,COUNT_OK_ONE_IMAGE_PER_PLANT,IMG_20250522_cojo_0014.png,1,,,,,,9/14/26," [2 plants share this scan; per-plant region assignment not yet done. Detected primary regions: hsv_hue=[4.8289] cm2, otsu_chroma=[4.7552] cm2.] [2 plants share this scan; per-plant region assignment not yet done. Detected primary regions: hsv_hue=[4.8289] cm2, otsu_chroma=[4.7552] cm2.] [area now reported per-petal in separate rows below; see petal_number 1-4 for this plant.]",,
5/22/25,2,Cojo,14,0.03358,petal,1,,,0.00369,0.02989,0.8901131625967839,15,15,1,COUNT_OK_ONE_IMAGE_PER_PLANT,Petal_scans,COUNT_OK_ONE_IMAGE_PER_PLANT,IMG_20250522_cojo_0014.png,1,4.3242,,,OK,automated: hsv_hue + otsu_chroma (scripts/07 + scripts/09/11),9/14/26,"cm2, otsu_chroma=[4.7552] cm2.] [area now reported per-petal in separate rows below; see petal_number 1-4 for this plant.] [area merged from separate petal-1 measurement row; weighed petal confirmed = petal 1.]",4.3652,4.2832
5/22/25,2,Cojo,14,,petal,2,,,,,,15,15,1,COUNT_OK_ONE_IMAGE_PER_PLANT,Petal_scans,COUNT_OK_ONE_IMAGE_PER_PLANT,IMG_20250522_cojo_0014.png,,3.6978,,,OK,automated: hsv_hue + otsu_chroma (scripts/07 + scripts/09/11),,"New row: petal 2 of 4, measured from IMG_20250522_cojo_0014.png (segmentation only; no separate weight recorded for this specific petal).",3.7267,3.669
5/22/25,2,Cojo,14,,petal,3,,,,,,15,15,1,COUNT_OK_ONE_IMAGE_PER_PLANT,Petal_scans,COUNT_OK_ONE_IMAGE_PER_PLANT,IMG_20250522_cojo_0014.png,,4.792,,,OK,automated: hsv_hue + otsu_chroma (scripts/07 + scripts/09/11),,"New row: petal 3 of 4, measured from IMG_20250522_cojo_0014.png (segmentation only; no separate weight recorded for this specific petal).",4.8289,4.7552
5/22/25,2,Cojo,14,,petal,4,,,,,,15,15,1,COUNT_OK_ONE_IMAGE_PER_PLANT,Petal_scans,COUNT_OK_ONE_IMAGE_PER_PLANT,IMG_20250522_cojo_0014.png,,3.9664,,,OK,automated: hsv_hue + otsu_chroma (scripts/07 + scripts/09/11),,"New row: petal 4 of 4, measured from IMG_20250522_cojo_0014.png (segmentation only; no separate weight recorded for this specific petal).",4.0029,3.9298
5/22/25,2,Cojo,15,0.1241,flower,,,,,,,15,15,1,COUNT_OK_ONE_IMAGE_PER_PLANT,Petal_scans,COUNT_OK_ONE_IMAGE_PER_PLANT,IMG_20250522_cojo_0015.png,1,4.2344,,8.16,PROVISIONAL_LARGEST_REGION_PETAL_NUMBER_NOT_ASSIGNED,automated: hsv_hue + otsu_chroma (scripts/07_segment_petal_area.py),9/14/26," [2 plants share this scan; per-plant region assignment not yet done. Detected primary regions: hsv_hue=[4.0684] cm2, otsu_chroma=[4.4004] cm2.] [2 plants share this scan; per-plant region assignment not yet done. Detected primary regions: hsv_hue=[4.0684] cm2, otsu_chroma=[4.4004] cm2.] [value is the largest of 4 detected regions, NOT a verified single-petal measurement; per-petal assignment pending manual review, see petal_number_review_needed.csv.]",4.0684,4.4004
5/22/25,2,Cojo,15,0.03495,petal,1,,,0.00529,0.02966,0.8486409155937052,15,15,1,COUNT_OK_ONE_IMAGE_PER_PLANT,Petal_scans,COUNT_OK_ONE_IMAGE_PER_PLANT,IMG_20250522_cojo_0015.png,1,4.2344,,8.16,PROVISIONAL_LARGEST_REGION_PETAL_NUMBER_NOT_ASSIGNED,automated: hsv_hue + otsu_chroma (scripts/07_segment_petal_area.py),9/14/26," [2 plants share this scan; per-plant region assignment not yet done. Detected primary regions: hsv_hue=[4.0684] cm2, otsu_chroma=[4.4004] cm2.] [2 plants share this scan; per-plant region assignment not yet done. Detected primary regions: hsv_hue=[4.0684] cm2, otsu_chroma=[4.4004] cm2.] [value is the largest of 4 detected regions, NOT a verified single-petal measurement; per-petal assignment pending manual review, see petal_number_review_needed.csv.]",4.0684,4.4004
5/23/25,2,Percos,1,0.17515,flower,,,,,,,15,14,0.9333333333333332,COUNT_OK_ONE_IMAGE_PER_PLANT,Petal_scans,COUNT_OK_ONE_IMAGE_PER_PLANT,percos_20250523_0001.png,1,,,,,,9/14/26,"Card insert in these scans incorrectly read 'Pt. Conception'; population confirmed as Percos by researcher (resolves earlier label conflict). [2 plants share this scan; per-plant region assignment not yet done. Detected primary regions: hsv_hue=[4.951] cm2, otsu_chroma=[4.8391] cm2.] [2 plants share this scan; per-plant region assignment not yet done. Detected primary regions: hsv_hue=[4.951] cm2, otsu_chroma=[4.8391] cm2.] [area now reported per-petal in separate rows below; see petal_number 1-4 for this plant.]",,
5/23/25,2,Percos,1,0.04319,petal,1,,,0.00515,0.03804,0.8807594350544107,15,14,0.9333333333333332,COUNT_OK_ONE_IMAGE_PER_PLANT,Petal_scans,COUNT_OK_ONE_IMAGE_PER_PLANT,percos_20250523_0001.png,1,4.895,,,OK,automated: hsv_hue + otsu_chroma (scripts/07 + scripts/09/11),9/14/26,"cm2, otsu_chroma=[4.8391] cm2.] [area now reported per-petal in separate rows below; see petal_number 1-4 for this plant.] [area merged from separate petal-1 measurement row; weighed petal confirmed = petal 1.]",4.951,4.8391
5/23/25,2,Percos,1,,petal,2,,,,,,15,14,0.9333333333333332,COUNT_OK_ONE_IMAGE_PER_PLANT,Petal_scans,COUNT_OK_ONE_IMAGE_PER_PLANT,percos_20250523_0001.png,,4.6658,,,OK,automated: hsv_hue + otsu_chroma (scripts/07 + scripts/09/11),,"New row: petal 2 of 4, measured from percos_20250523_0001.png (segmentation only; no separate weight recorded for this specific petal).",4.6906,4.641
5/23/25,2,Percos,1,,petal,3,,,,,,15,14,0.9333333333333332,COUNT_OK_ONE_IMAGE_PER_PLANT,Petal_scans,COUNT_OK_ONE_IMAGE_PER_PLANT,percos_20250523_0001.png,,4.848,,,OK,automated: hsv_hue + otsu_chroma (scripts/07 + scripts/09/11),,"New row: petal 3 of 4, measured from percos_20250523_0001.png (segmentation only; no separate weight recorded for this specific petal).",4.9004,4.7956
5/23/25,2,Percos,1,,petal,4,,,,,,15,14,0.9333333333333332,COUNT_OK_ONE_IMAGE_PER_PLANT,Petal_scans,COUNT_OK_ONE_IMAGE_PER_PLANT,percos_20250523_0001.png,,4.779,,,OK,automated: hsv_hue + otsu_chroma (scripts/07 + scripts/09/11),,"New row: petal 4 of 4, measured from percos_20250523_0001.png (segmentation only; no separate weight recorded for this specific petal).",4.8166,4.7413
5/23/25,2,Percos,2,0.12569,flower,,,,,,,15,14,0.9333333333333332,COUNT_OK_ONE_IMAGE_PER_PLANT,Petal_scans,COUNT_OK_ONE_IMAGE_PER_PLANT,percos_20250523_0002.png,1,,,,,,9/14/26,"Card insert in these scans incorrectly read 'Pt. Conception'; population confirmed as Percos by researcher (resolves earlier label conflict). [2 plants share this scan; per-plant region assignment not yet done. Detected primary regions: hsv_hue=[4.5073] cm2, otsu_chroma=[4.4341] cm2.] [2 plants share this scan; per-plant region assignment not yet done. Detected primary regions: hsv_hue=[4.5073] cm2, otsu_chroma=[4.4341] cm2.] [area now reported per-petal in separate rows below; see petal_number 1-4 for this plant.]",,
5/23/25,2,Percos,2,0.03037,petal,1,,,0.00675,0.02362,0.7777411919657556,15,14,0.9333333333333332,COUNT_OK_ONE_IMAGE_PER_PLANT,Petal_scans,COUNT_OK_ONE_IMAGE_PER_PLANT,percos_20250523_0002.png,1,4.0432,,,OK,automated: hsv_hue + otsu_chroma (scripts/07 + scripts/09/11),9/14/26,"cm2, otsu_chroma=[4.4341] cm2.] [area now reported per-petal in separate rows below; see petal_number 1-4 for this plant.] [area merged from separate petal-1 measurement row; weighed petal confirmed = petal 1.]",4.0724,4.0139
5/23/25,2,Percos,2,,petal,2,,,,,,15,14,0.9333333333333332,COUNT_OK_ONE_IMAGE_PER_PLANT,Petal_scans,COUNT_OK_ONE_IMAGE_PER_PLANT,percos_20250523_0002.png,,3.3585,,,OK,automated: hsv_hue + otsu_chroma (scripts/07 + scripts/09/11),,"New row: petal 2 of 4, measured from percos_20250523_0002.png (segmentation only; no separate weight recorded for this specific petal).",3.3852,3.3318
5/23/25,2,Percos,2,,petal,3,,,,,,15,14,0.9333333333333332,COUNT_OK_ONE_IMAGE_PER_PLANT,Petal_scans,COUNT_OK_ONE_IMAGE_PER_PLANT,percos_20250523_0002.png,,3.9688,,,OK,automated: hsv_hue + otsu_chroma (scripts/07 + scripts/09/11),,"New row: petal 3 of 4, measured from percos_20250523_0002.png (segmentation only; no separate weight recorded for this specific petal).",4.0004,3.9371
5/23/25,2,Percos,2,,petal,4,,,,,,15,14,0.9333333333333332,COUNT_OK_ONE_IMAGE_PER_PLANT,Petal_scans,COUNT_OK_ONE_IMAGE_PER_PLANT,percos_20250523_0002.png,,4.4707,,,OK,automated: hsv_hue + otsu_chroma (scripts/07 + scripts/09/11),,"New row: petal 4 of 4, measured from percos_20250523_0002.png (segmentation only; no separate weight recorded for this specific petal).",4.5073,4.4341
5/23/25,2,Percos,3,0.18176,flower,,,,,,,15,14,0.9333333333333332,COUNT_OK_ONE_IMAGE_PER_PLANT,Petal_scans,COUNT_OK_ONE_IMAGE_PER_PLANT,percos_20250523_0003.png,1,,,,,,9/14/26,"Card insert in these scans incorrectly read 'Pt. Conception'; population confirmed as Percos by researcher (resolves earlier label conflict). [2 plants share this scan; per-plant region assignment not yet done. Detected primary regions: hsv_hue=[6.1351] cm2, otsu_chroma=[6.0528] cm2.] [2 plants share this scan; per-plant region assignment not yet done. Detected primary regions: hsv_hue=[6.1351] cm2, otsu_chroma=[6.0528] cm2.] [area now reported per-petal in separate rows below; see petal_number 1-4 for this plant.]",,
5/23/25,2,Percos,3,0.05004,petal,1,,,0.01258,0.03746,0.7486011191047162,15,14,0.9333333333333332,COUNT_OK_ONE_IMAGE_PER_PLANT,Petal_scans,COUNT_OK_ONE_IMAGE_PER_PLANT,percos_20250523_0003.png,1,6.094,,,OK,automated: hsv_hue + otsu_chroma (scripts/07 + scripts/09/11),9/14/26,"cm2, otsu_chroma=[6.0528] cm2.] [area now reported per-petal in separate rows below; see petal_number 1-4 for this plant.] [area merged from separate petal-1 measurement row; weighed petal confirmed = petal 1.]",6.1351,6.0528
5/23/25,2,Percos,3,,petal,2,,,,,,15,14,0.9333333333333332,COUNT_OK_ONE_IMAGE_PER_PLANT,Petal_scans,COUNT_OK_ONE_IMAGE_PER_PLANT,percos_20250523_0003.png,,4.7086,,,OK,automated: hsv_hue + otsu_chroma (scripts/07 + scripts/09/11),,"New row: petal 2 of 4, measured from percos_20250523_0003.png (segmentation only; no separate weight recorded for this specific petal).",4.7424,4.6747
5/23/25,2,Percos,3,,petal,3,,,,,,15,14,0.9333333333333332,COUNT_OK_ONE_IMAGE_PER_PLANT,Petal_scans,COUNT_OK_ONE_IMAGE_PER_PLANT,percos_20250523_0003.png,,5.5816,,,OK,automated: hsv_hue + otsu_chroma (scripts/07 + scripts/09/11),,"New row: petal 3 of 4, measured from percos_20250523_0003.png (segmentation only; no separate weight recorded for this specific petal).",5.6136,5.5495
5/23/25,2,Percos,3,,petal,4,,,,,,15,14,0.9333333333333332,COUNT_OK_ONE_IMAGE_PER_PLANT,Petal_scans,COUNT_OK_ONE_IMAGE_PER_PLANT,percos_20250523_0003.png,,5.3836,,,OK,automated: hsv_hue + otsu_chroma (scripts/07 + scripts/09/11),,"New row: petal 4 of 4, measured from percos_20250523_0003.png (segmentation only; no separate weight recorded for this specific petal).",5.446,5.3212
5/23/25,2,Percos,4,0.13627,flower,,,,,,,15,14,0.9333333333333332,COUNT_OK_ONE_IMAGE_PER_PLANT,Petal_scans,COUNT_OK_ONE_IMAGE_PER_PLANT,percos_20250523_0004.png,1,,,,,,9/14/26,"Card insert in these scans incorrectly read 'Pt. Conception'; population confirmed as Percos by researcher (resolves earlier label conflict). [2 plants share this scan; per-plant region assignment not yet done. Detected primary regions: hsv_hue=[4.81] cm2, otsu_chroma=[4.6931] cm2.] [2 plants share this scan; per-plant region assignment not yet done. Detected primary regions: hsv_hue=[4.81] cm2, otsu_chroma=[4.6931] cm2.] [area now reported per-petal in separate rows below; see petal_number 1-4 for this plant.]",,
5/23/25,2,Percos,4,0.03811,petal,1,,,0.01932,0.01879,0.4930464445027551,15,14,0.9333333333333332,COUNT_OK_ONE_IMAGE_PER_PLANT,Petal_scans,COUNT_OK_ONE_IMAGE_PER_PLANT,percos_20250523_0004.png,1,4.7516,,,OK,automated: hsv_hue + otsu_chroma (scripts/07 + scripts/09/11),9/14/26,"cm2, otsu_chroma=[4.6931] cm2.] [area now reported per-petal in separate rows below; see petal_number 1-4 for this plant.] [area merged from separate petal-1 measurement row; weighed petal confirmed = petal 1.]",4.81,4.6931
5/23/25,2,Percos,4,,petal,2,,,,,,15,14,0.9333333333333332,COUNT_OK_ONE_IMAGE_PER_PLANT,Petal_scans,COUNT_OK_ONE_IMAGE_PER_PLANT,percos_20250523_0004.png,,4.6218,,,OK,automated: hsv_hue + otsu_chroma (scripts/07 + scripts/09/11),,"New row: petal 2 of 4, measured from percos_20250523_0004.png (segmentation only; no separate weight recorded for this specific petal).",4.6604,4.5831
5/23/25,2,Percos,4,,petal,3,,,,,,15,14,0.9333333333333332,COUNT_OK_ONE_IMAGE_PER_PLANT,Petal_scans,COUNT_OK_ONE_IMAGE_PER_PLANT,percos_20250523_0004.png,,3.8176,,,OK,automated: hsv_hue + otsu_chroma (scripts/07 + scripts/09/11),,"New row: petal 3 of 4, measured from percos_20250523_0004.png (segmentation only; no separate weight recorded for this specific petal).",3.8512,3.7839
5/23/25,2,Percos,4,,petal,4,,,,,,15,14,0.9333333333333332,COUNT_OK_ONE_IMAGE_PER_PLANT,Petal_scans,COUNT_OK_ONE_IMAGE_PER_PLANT,percos_20250523_0004.png,,4.0891,,,OK,automated: hsv_hue + otsu_chroma (scripts/07 + scripts/09/11),,"New row: petal 4 of 4, measured from percos_20250523_0004.png (segmentation only; no separate weight recorded for this specific petal).",4.1223,4.0559
5/23/25,2,Percos,5,0.1498,flower,,,,,,,15,14,0.9333333333333332,COUNT_OK_ONE_IMAGE_PER_PLANT,Petal_scans,COUNT_OK_ONE_IMAGE_PER_PLANT,percos_20250523_0005.png,1,4.4512,,-1.12,PROVISIONAL_LARGEST_REGION_PETAL_NUMBER_NOT_ASSIGNED,automated: hsv_hue + otsu_chroma (scripts/07_segment_petal_area.py),9/14/26,"Card insert in these scans incorrectly read 'Pt. Conception'; population confirmed as Percos by researcher (resolves earlier label conflict). [2 plants share this scan; per-plant region assignment not yet done. Detected primary regions: hsv_hue=[4.4762] cm2, otsu_chroma=[4.4262] cm2.] [2 plants share this scan; per-plant region assignment not yet done. Detected primary regions: hsv_hue=[4.4762] cm2, otsu_chroma=[4.4262] cm2.] [value is the largest of 4 detected regions, NOT a verified single-petal measurement; per-petal assignment pending manual review, see petal_number_review_needed.csv.]",4.4762,4.4262
5/23/25,2,Percos,5,0.04077,petal,1,,,0.01289,0.02788,0.6838361540348296,15,14,0.9333333333333332,COUNT_OK_ONE_IMAGE_PER_PLANT,Petal_scans,COUNT_OK_ONE_IMAGE_PER_PLANT,percos_20250523_0005.png,1,4.4512,,-1.12,PROVISIONAL_LARGEST_REGION_PETAL_NUMBER_NOT_ASSIGNED,automated: hsv_hue + otsu_chroma (scripts/07_segment_petal_area.py),9/14/26,"Card insert in these scans incorrectly read 'Pt. Conception'; population confirmed as Percos by researcher (resolves earlier label conflict). [2 plants share this scan; per-plant region assignment not yet done. Detected primary regions: hsv_hue=[4.4762] cm2, otsu_chroma=[4.4262] cm2.] [2 plants share this scan; per-plant region assignment not yet done. Detected primary regions: hsv_hue=[4.4762] cm2, otsu_chroma=[4.4262] cm2.] [value is the largest of 4 detected regions, NOT a verified single-petal measurement; per-petal assignment pending manual review, see petal_number_review_needed.csv.]",4.4762,4.4262
5/23/25,2,Percos,6,0.11876,flower,,,,,,,15,14,0.9333333333333332,COUNT_OK_ONE_IMAGE_PER_PLANT,Petal_scans,COUNT_OK_ONE_IMAGE_PER_PLANT,percos_20250523_0006.png,1,,,,,,9/14/26,"Card insert in these scans incorrectly read 'Pt. Conception'; population confirmed as Percos by researcher (resolves earlier label conflict). [2 plants share this scan; per-plant region assignment not yet done. Detected primary regions: hsv_hue=[3.8445] cm2, otsu_chroma=[3.7791] cm2.] [2 plants share this scan; per-plant region assignment not yet done. Detected primary regions: hsv_hue=[3.8445] cm2, otsu_chroma=[3.7791] cm2.] [area now reported per-petal in separate rows below; see petal_number 1-4 for this plant.]",,
5/23/25,2,Percos,6,0.02905,petal,1,,,0.00341,0.02564,0.8826161790017211,15,14,0.9333333333333332,COUNT_OK_ONE_IMAGE_PER_PLANT,Petal_scans,COUNT_OK_ONE_IMAGE_PER_PLANT,percos_20250523_0006.png,1,3.2518,,,OK,automated: hsv_hue + otsu_chroma (scripts/07 + scripts/09/11),9/14/26,"cm2, otsu_chroma=[3.7791] cm2.] [area now reported per-petal in separate rows below; see petal_number 1-4 for this plant.] [area merged from separate petal-1 measurement row; weighed petal confirmed = petal 1.]",3.2829,3.2208
5/23/25,2,Percos,6,,petal,2,,,,,,15,14,0.9333333333333332,COUNT_OK_ONE_IMAGE_PER_PLANT,Petal_scans,COUNT_OK_ONE_IMAGE_PER_PLANT,percos_20250523_0006.png,,3.8118,,,OK,automated: hsv_hue + otsu_chroma (scripts/07 + scripts/09/11),,"New row: petal 2 of 4, measured from percos_20250523_0006.png (segmentation only; no separate weight recorded for this specific petal).",3.8445,3.7791
5/23/25,2,Percos,6,,petal,3,,,,,,15,14,0.9333333333333332,COUNT_OK_ONE_IMAGE_PER_PLANT,Petal_scans,COUNT_OK_ONE_IMAGE_PER_PLANT,percos_20250523_0006.png,,3.1567,,,OK,automated: hsv_hue + otsu_chroma (scripts/07 + scripts/09/11),,"New row: petal 3 of 4, measured from percos_20250523_0006.png (segmentation only; no separate weight recorded for this specific petal).",3.1852,3.1282
5/23/25,2,Percos,6,,petal,4,,,,,,15,14,0.9333333333333332,COUNT_OK_ONE_IMAGE_PER_PLANT,Petal_scans,COUNT_OK_ONE_IMAGE_PER_PLANT,percos_20250523_0006.png,,3.3766,,,OK,automated: hsv_hue + otsu_chroma (scripts/07 + scripts/09/11),,"New row: petal 4 of 4, measured from percos_20250523_0006.png (segmentation only; no separate weight recorded for this specific petal).",3.4088,3.3443
5/23/25,2,Percos,7,0.19547,flower,,,,,,,15,14,0.9333333333333332,COUNT_OK_ONE_IMAGE_PER_PLANT,Petal_scans,COUNT_OK_ONE_IMAGE_PER_PLANT,percos_20250523_0007.png,1,,,,,,9/14/26,"Card insert in these scans incorrectly read 'Pt. Conception'; population confirmed as Percos by researcher (resolves earlier label conflict). [2 plants share this scan; per-plant region assignment not yet done. Detected primary regions: hsv_hue=[6.6614] cm2, otsu_chroma=[6.5225] cm2.] [2 plants share this scan; per-plant region assignment not yet done. Detected primary regions: hsv_hue=[6.6614] cm2, otsu_chroma=[6.5225] cm2.] [area now reported per-petal in separate rows below; see petal_number 1-4 for this plant.]",,
5/23/25,2,Percos,7,0.04868,petal,1,,,0.01793,0.03075,0.6316762530813476,15,14,0.9333333333333332,COUNT_OK_ONE_IMAGE_PER_PLANT,Petal_scans,COUNT_OK_ONE_IMAGE_PER_PLANT,percos_20250523_0007.png,1,6.3484,,,OK,automated: hsv_hue + otsu_chroma (scripts/07 + scripts/09/11),9/14/26,"cm2, otsu_chroma=[6.5225] cm2.] [area now reported per-petal in separate rows below; see petal_number 1-4 for this plant.] [area merged from separate petal-1 measurement row; weighed petal confirmed = petal 1.]",6.4004,6.2964
5/23/25,2,Percos,7,,petal,2,,,,,,15,14,0.9333333333333332,COUNT_OK_ONE_IMAGE_PER_PLANT,Petal_scans,COUNT_OK_ONE_IMAGE_PER_PLANT,percos_20250523_0007.png,,5.311,,,OK,automated: hsv_hue + otsu_chroma (scripts/07 + scripts/09/11),,"New row: petal 2 of 4, measured from percos_20250523_0007.png (segmentation only; no separate weight recorded for this specific petal).",5.3593,5.2627
5/23/25,2,Percos,7,,petal,3,,,,,,15,14,0.9333333333333332,COUNT_OK_ONE_IMAGE_PER_PLANT,Petal_scans,COUNT_OK_ONE_IMAGE_PER_PLANT,percos_20250523_0007.png,,6.592,,,OK,automated: hsv_hue + otsu_chroma (scripts/07 + scripts/09/11),,"New row: petal 3 of 4, measured from percos_20250523_0007.png (segmentation only; no separate weight recorded for this specific petal).",6.6614,6.5225
5/23/25,2,Percos,7,,petal,4,,,,,,15,14,0.9333333333333332,COUNT_OK_ONE_IMAGE_PER_PLANT,Petal_scans,COUNT_OK_ONE_IMAGE_PER_PLANT,percos_20250523_0007.png,,6.4874,,,OK,automated: hsv_hue + otsu_chroma (scripts/07 + scripts/09/11),,"New row: petal 4 of 4, measured from percos_20250523_0007.png (segmentation only; no separate weight recorded for this specific petal).",6.5536,6.4212
5/23/25,2,Percos,8,0.13273,flower,,,,,,,15,14,0.9333333333333332,COUNT_OK_ONE_IMAGE_PER_PLANT,Petal_scans,COUNT_OK_ONE_IMAGE_PER_PLANT,percos_20250523_0008.png,1,,,,,,9/14/26,"Card insert in these scans incorrectly read 'Pt. Conception'; population confirmed as Percos by researcher (resolves earlier label conflict). [2 plants share this scan; per-plant region assignment not yet done. Detected primary regions: hsv_hue=[4.3312] cm2, otsu_chroma=[4.2619] cm2.] [2 plants share this scan; per-plant region assignment not yet done. Detected primary regions: hsv_hue=[4.3312] cm2, otsu_chroma=[4.2619] cm2.] [area now reported per-petal in separate rows below; see petal_number 1-4 for this plant.]",,
5/23/25,2,Percos,8,0.03996,petal,1,,,0.00464,0.03532,0.883883884,15,14,0.9333333333333332,COUNT_OK_ONE_IMAGE_PER_PLANT,Petal_scans,COUNT_OK_ONE_IMAGE_PER_PLANT,percos_20250523_0008.png,1,3.2793,,,OK,automated: hsv_hue + otsu_chroma (scripts/07 + scripts/09/11),9/14/26,"cm2, otsu_chroma=[4.2619] cm2.] [area now reported per-petal in separate rows below; see petal_number 1-4 for this plant.] [area merged from separate petal-1 measurement row; weighed petal confirmed = petal 1.]",3.3199,3.2387
5/23/25,2,Percos,8,,petal,2,,,,,,15,14,0.9333333333333332,COUNT_OK_ONE_IMAGE_PER_PLANT,Petal_scans,COUNT_OK_ONE_IMAGE_PER_PLANT,percos_20250523_0008.png,,4.0291,,,OK,automated: hsv_hue + otsu_chroma (scripts/07 + scripts/09/11),,"New row: petal 2 of 4, measured from percos_20250523_0008.png (segmentation only; no separate weight recorded for this specific petal).",4.0723,3.9859
5/23/25,2,Percos,8,,petal,3,,,,,,15,14,0.9333333333333332,COUNT_OK_ONE_IMAGE_PER_PLANT,Petal_scans,COUNT_OK_ONE_IMAGE_PER_PLANT,percos_20250523_0008.png,,3.3697,,,OK,automated: hsv_hue + otsu_chroma (scripts/07 + scripts/09/11),,"New row: petal 3 of 4, measured from percos_20250523_0008.png (segmentation only; no separate weight recorded for this specific petal).",3.3996,3.3398
5/23/25,2,Percos,8,,petal,4,,,,,,15,14,0.9333333333333332,COUNT_OK_ONE_IMAGE_PER_PLANT,Petal_scans,COUNT_OK_ONE_IMAGE_PER_PLANT,percos_20250523_0008.png,,4.2966,,,OK,automated: hsv_hue + otsu_chroma (scripts/07 + scripts/09/11),,"New row: petal 4 of 4, measured from percos_20250523_0008.png (segmentation only; no separate weight recorded for this specific petal).",4.3312,4.2619
5/23/25,2,Percos,9,0.12263,flower,,,,,,,15,14,0.9333333333333332,COUNT_OK_ONE_IMAGE_PER_PLANT,Petal_scans,COUNT_OK_ONE_IMAGE_PER_PLANT,percos_20250523_0009.png,1,,,,,,9/14/26,"Card insert in these scans incorrectly read 'Pt. Conception'; population confirmed as Percos by researcher (resolves earlier label conflict). [2 plants share this scan; per-plant region assignment not yet done. Detected primary regions: hsv_hue=[3.9047] cm2, otsu_chroma=[3.8376] cm2.] [2 plants share this scan; per-plant region assignment not yet done. Detected primary regions: hsv_hue=[3.9047] cm2, otsu_chroma=[3.8376] cm2.] [area now reported per-petal in separate rows below; see petal_number 1-4 for this plant.]",,
5/23/25,2,Percos,9,0.02628,petal,1,,,0.00767,0.01861,0.7081430745814308,15,14,0.9333333333333332,COUNT_OK_ONE_IMAGE_PER_PLANT,Petal_scans,COUNT_OK_ONE_IMAGE_PER_PLANT,percos_20250523_0009.png,1,3.3562,,,OK,automated: hsv_hue + otsu_chroma (scripts/07 + scripts/09/11),9/14/26,"cm2, otsu_chroma=[3.8376] cm2.] [area now reported per-petal in separate rows below; see petal_number 1-4 for this plant.] [area merged from separate petal-1 measurement row; weighed petal confirmed = petal 1.]",3.385,3.3275
5/23/25,2,Percos,9,,petal,2,,,,,,15,14,0.9333333333333332,COUNT_OK_ONE_IMAGE_PER_PLANT,Petal_scans,COUNT_OK_ONE_IMAGE_PER_PLANT,percos_20250523_0009.png,,3.514,,,OK,automated: hsv_hue + otsu_chroma (scripts/07 + scripts/09/11),,"New row: petal 2 of 4, measured from percos_20250523_0009.png (segmentation only; no separate weight recorded for this specific petal).",3.5412,3.4867
5/23/25,2,Percos,9,,petal,3,,,,,,15,14,0.9333333333333332,COUNT_OK_ONE_IMAGE_PER_PLANT,Petal_scans,COUNT_OK_ONE_IMAGE_PER_PLANT,percos_20250523_0009.png,,3.8712,,,OK,automated: hsv_hue + otsu_chroma (scripts/07 + scripts/09/11),,"New row: petal 3 of 4, measured from percos_20250523_0009.png (segmentation only; no separate weight recorded for this specific petal).",3.9047,3.8376
5/23/25,2,Percos,9,,petal,4,,,,,,15,14,0.9333333333333332,COUNT_OK_ONE_IMAGE_PER_PLANT,Petal_scans,COUNT_OK_ONE_IMAGE_PER_PLANT,percos_20250523_0009.png,,3.8178,,,OK,automated: hsv_hue + otsu_chroma (scripts/07 + scripts/09/11),,"New row: petal 4 of 4, measured from percos_20250523_0009.png (segmentation only; no separate weight recorded for this specific petal).",3.8551,3.7804
5/23/25,2,Percos,10,0.19818,flower,,,,,,,15,14,0.9333333333333332,COUNT_OK_ONE_IMAGE_PER_PLANT,Petal_scans,COUNT_OK_ONE_IMAGE_PER_PLANT,percos_20250523_0010.png,1,5.9761,,-1.75,PROVISIONAL_LARGEST_REGION_PETAL_NUMBER_NOT_ASSIGNED,automated: hsv_hue + otsu_chroma (scripts/07_segment_petal_area.py),9/14/26,"Card insert in these scans incorrectly read 'Pt. Conception'; population confirmed as Percos by researcher (resolves earlier label conflict). [2 plants share this scan; per-plant region assignment not yet done. Detected primary regions: hsv_hue=[6.0288] cm2, otsu_chroma=[5.9234] cm2.] [2 plants share this scan; per-plant region assignment not yet done. Detected primary regions: hsv_hue=[6.0288] cm2, otsu_chroma=[5.9234] cm2.] [value is the largest of 4 detected regions, NOT a verified single-petal measurement; per-petal assignment pending manual review, see petal_number_review_needed.csv.]",6.0288,5.9234
5/23/25,2,Percos,10,0.05349,petal,1,,,0.0182,0.03529,0.6597494858852122,15,14,0.9333333333333332,COUNT_OK_ONE_IMAGE_PER_PLANT,Petal_scans,COUNT_OK_ONE_IMAGE_PER_PLANT,percos_20250523_0010.png,1,5.9761,,-1.75,PROVISIONAL_LARGEST_REGION_PETAL_NUMBER_NOT_ASSIGNED,automated: hsv_hue + otsu_chroma (scripts/07_segment_petal_area.py),9/14/26,"Card insert in these scans incorrectly read 'Pt. Conception'; population confirmed as Percos by researcher (resolves earlier label conflict). [2 plants share this scan; per-plant region assignment not yet done. Detected primary regions: hsv_hue=[6.0288] cm2, otsu_chroma=[5.9234] cm2.] [2 plants share this scan; per-plant region assignment not yet done. Detected primary regions: hsv_hue=[6.0288] cm2, otsu_chroma=[5.9234] cm2.] [value is the largest of 4 detected regions, NOT a verified single-petal measurement; per-petal assignment pending manual review, see petal_number_review_needed.csv.]",6.0288,5.9234
5/23/25,2,Percos,11,0.07651,flower,,,,,,,15,14,0.9333333333333332,COUNT_OK_ONE_IMAGE_PER_PLANT,Petal_scans,COUNT_OK_ONE_IMAGE_PER_PLANT,percos_20250523_0011.png,1,,,,,,9/14/26,"Card insert in these scans incorrectly read 'Pt. Conception'; population confirmed as Percos by researcher (resolves earlier label conflict). [2 plants share this scan; per-plant region assignment not yet done. Detected primary regions: hsv_hue=[3.2758] cm2, otsu_chroma=[3.2076] cm2.] [2 plants share this scan; per-plant region assignment not yet done. Detected primary regions: hsv_hue=[3.2758] cm2, otsu_chroma=[3.2076] cm2.] [area now reported per-petal in separate rows below; see petal_number 1-4 for this plant.]",,
5/23/25,2,Percos,11,0.02266,petal,1,,,0.00653,0.01613,0.7118270079435127,15,14,0.9333333333333332,COUNT_OK_ONE_IMAGE_PER_PLANT,Petal_scans,COUNT_OK_ONE_IMAGE_PER_PLANT,percos_20250523_0011.png,1,3.2417,,,OK,automated: hsv_hue + otsu_chroma (scripts/07 + scripts/09/11),9/14/26,"cm2, otsu_chroma=[3.2076] cm2.] [area now reported per-petal in separate rows below; see petal_number 1-4 for this plant.] [area merged from separate petal-1 measurement row; weighed petal confirmed = petal 1.]",3.2758,3.2076
5/23/25,2,Percos,11,,petal,2,,,,,,15,14,0.9333333333333332,COUNT_OK_ONE_IMAGE_PER_PLANT,Petal_scans,COUNT_OK_ONE_IMAGE_PER_PLANT,percos_20250523_0011.png,,2.601,,,OK,automated: hsv_hue + otsu_chroma (scripts/07 + scripts/09/11),,"New row: petal 2 of 4, measured from percos_20250523_0011.png (segmentation only; no separate weight recorded for this specific petal).",2.6229,2.5792
5/23/25,2,Percos,11,,petal,3,,,,,,15,14,0.9333333333333332,COUNT_OK_ONE_IMAGE_PER_PLANT,Petal_scans,COUNT_OK_ONE_IMAGE_PER_PLANT,percos_20250523_0011.png,,2.9384,,,OK,automated: hsv_hue + otsu_chroma (scripts/07 + scripts/09/11),,"New row: petal 3 of 4, measured from percos_20250523_0011.png (segmentation only; no separate weight recorded for this specific petal).",2.9654,2.9114
5/23/25,2,Percos,11,,petal,4,,,,,,15,14,0.9333333333333332,COUNT_OK_ONE_IMAGE_PER_PLANT,Petal_scans,COUNT_OK_ONE_IMAGE_PER_PLANT,percos_20250523_0011.png,,2.3874,,,OK,automated: hsv_hue + otsu_chroma (scripts/07 + scripts/09/11),,"New row: petal 4 of 4, measured from percos_20250523_0011.png (segmentation only; no separate weight recorded for this specific petal).",2.4171,2.3577
5/23/25,2,Percos,12,0.09861,flower,,,,,,,15,14,0.9333333333333332,COUNT_OK_ONE_IMAGE_PER_PLANT,Petal_scans,COUNT_OK_ONE_IMAGE_PER_PLANT,percos_20250523_0012.png,1,,,,,,9/14/26,"Card insert in these scans incorrectly read 'Pt. Conception'; population confirmed as Percos by researcher (resolves earlier label conflict). [2 plants share this scan; per-plant region assignment not yet done. Detected primary regions: hsv_hue=[3.2939] cm2, otsu_chroma=[3.2277] cm2.] [2 plants share this scan; per-plant region assignment not yet done. Detected primary regions: hsv_hue=[3.2939] cm2, otsu_chroma=[3.2277] cm2.] [area now reported per-petal in separate rows below; see petal_number 1-4 for this plant.]",,
5/23/25,2,Percos,12,0.02679,petal,1,,,0.00329,0.0235,0.8771929824561403,15,14,0.9333333333333332,COUNT_OK_ONE_IMAGE_PER_PLANT,Petal_scans,COUNT_OK_ONE_IMAGE_PER_PLANT,percos_20250523_0012.png,1,3.2608,,,OK,automated: hsv_hue + otsu_chroma (scripts/07 + scripts/09/11),9/14/26,"cm2, otsu_chroma=[3.2277] cm2.] [area now reported per-petal in separate rows below; see petal_number 1-4 for this plant.] [area merged from separate petal-1 measurement row; weighed petal confirmed = petal 1.]",3.2939,3.2277
5/23/25,2,Percos,12,,petal,2,,,,,,15,14,0.9333333333333332,COUNT_OK_ONE_IMAGE_PER_PLANT,Petal_scans,COUNT_OK_ONE_IMAGE_PER_PLANT,percos_20250523_0012.png,,3.1556,,,OK,automated: hsv_hue + otsu_chroma (scripts/07 + scripts/09/11),,"New row: petal 2 of 4, measured from percos_20250523_0012.png (segmentation only; no separate weight recorded for this specific petal).",3.1837,3.1276
5/23/25,2,Percos,12,,petal,3,,,,,,15,14,0.9333333333333332,COUNT_OK_ONE_IMAGE_PER_PLANT,Petal_scans,COUNT_OK_ONE_IMAGE_PER_PLANT,percos_20250523_0012.png,,3.0749,,,OK,automated: hsv_hue + otsu_chroma (scripts/07 + scripts/09/11),,"New row: petal 3 of 4, measured from percos_20250523_0012.png (segmentation only; no separate weight recorded for this specific petal).",3.1061,3.0437
5/23/25,2,Percos,12,,petal,4,,,,,,15,14,0.9333333333333332,COUNT_OK_ONE_IMAGE_PER_PLANT,Petal_scans,COUNT_OK_ONE_IMAGE_PER_PLANT,percos_20250523_0012.png,,2.5426,,,OK,automated: hsv_hue + otsu_chroma (scripts/07 + scripts/09/11),,"New row: petal 4 of 4, measured from percos_20250523_0012.png (segmentation only; no separate weight recorded for this specific petal).",2.5754,2.5099
5/23/25,2,Percos,13,0.10714,flower,,,,,,,15,14,0.9333333333333332,COUNT_OK_ONE_IMAGE_PER_PLANT,Petal_scans,COUNT_OK_ONE_IMAGE_PER_PLANT,percos_20250523_0013.png,1,,,,,,9/14/26,"Card insert in these scans incorrectly read 'Pt. Conception'; population confirmed as Percos by researcher (resolves earlier label conflict). [2 plants share this scan; per-plant region assignment not yet done. Detected primary regions: hsv_hue=[4.0804] cm2, otsu_chroma=[4.0222] cm2.] [2 plants share this scan; per-plant region assignment not yet done. Detected primary regions: hsv_hue=[4.0804] cm2, otsu_chroma=[4.0222] cm2.] [area now reported per-petal in separate rows below; see petal_number 1-4 for this plant.]",,
5/23/25,2,Percos,13,0.02851,petal,1,,,0.00319,0.02532,0.8881094352858646,15,14,0.9333333333333332,COUNT_OK_ONE_IMAGE_PER_PLANT,Petal_scans,COUNT_OK_ONE_IMAGE_PER_PLANT,percos_20250523_0013.png,1,4.0513,,,OK,automated: hsv_hue + otsu_chroma (scripts/07 + scripts/09/11),9/14/26,"cm2, otsu_chroma=[4.0222] cm2.] [area now reported per-petal in separate rows below; see petal_number 1-4 for this plant.] [area merged from separate petal-1 measurement row; weighed petal confirmed = petal 1.]",4.0804,4.0222
5/23/25,2,Percos,13,,petal,2,,,,,,15,14,0.9333333333333332,COUNT_OK_ONE_IMAGE_PER_PLANT,Petal_scans,COUNT_OK_ONE_IMAGE_PER_PLANT,percos_20250523_0013.png,,3.4794,,,OK,automated: hsv_hue + otsu_chroma (scripts/07 + scripts/09/11),,"New row: petal 2 of 4, measured from percos_20250523_0013.png (segmentation only; no separate weight recorded for this specific petal).",3.5108,3.4479
5/23/25,2,Percos,13,,petal,3,,,,,,15,14,0.9333333333333332,COUNT_OK_ONE_IMAGE_PER_PLANT,Petal_scans,COUNT_OK_ONE_IMAGE_PER_PLANT,percos_20250523_0013.png,,3.9144,,,OK,automated: hsv_hue + otsu_chroma (scripts/07 + scripts/09/11),,"New row: petal 3 of 4, measured from percos_20250523_0013.png (segmentation only; no separate weight recorded for this specific petal).",3.9642,3.8645
5/23/25,2,Percos,13,,petal,4,,,,,,15,14,0.9333333333333332,COUNT_OK_ONE_IMAGE_PER_PLANT,Petal_scans,COUNT_OK_ONE_IMAGE_PER_PLANT,percos_20250523_0013.png,,3.7692,,,OK,automated: hsv_hue + otsu_chroma (scripts/07 + scripts/09/11),,"New row: petal 4 of 4, measured from percos_20250523_0013.png (segmentation only; no separate weight recorded for this specific petal).",3.8014,3.7369
5/23/25,2,Percos,14,0.17354,flower,,,,,,,15,14,0.9333333333333332,COUNT_OK_ONE_IMAGE_PER_PLANT,Petal_scans,COUNT_OK_ONE_IMAGE_PER_PLANT,percos_20250523_0014.png,1,,,,,,9/14/26,"Card insert in these scans incorrectly read 'Pt. Conception'; population confirmed as Percos by researcher (resolves earlier label conflict). [2 plants share this scan; per-plant region assignment not yet done. Detected primary regions: hsv_hue=[5.3341] cm2, otsu_chroma=[5.252] cm2.] [2 plants share this scan; per-plant region assignment not yet done. Detected primary regions: hsv_hue=[5.3341] cm2, otsu_chroma=[5.252] cm2.] [area now reported per-petal in separate rows below; see petal_number 1-4 for this plant.]",,
5/23/25,2,Percos,14,0.04437,petal,1,,,0.008,0.03637,0.8196979941401848,15,14,0.9333333333333332,COUNT_OK_ONE_IMAGE_PER_PLANT,Petal_scans,COUNT_OK_ONE_IMAGE_PER_PLANT,percos_20250523_0014.png,1,4.8098,,,OK,automated: hsv_hue + otsu_chroma (scripts/07 + scripts/09/11),9/14/26,"cm2, otsu_chroma=[5.252] cm2.] [area now reported per-petal in separate rows below; see petal_number 1-4 for this plant.] [area merged from separate petal-1 measurement row; weighed petal confirmed = petal 1.]",4.8629,4.7567
5/23/25,2,Percos,14,,petal,2,,,,,,15,14,0.9333333333333332,COUNT_OK_ONE_IMAGE_PER_PLANT,Petal_scans,COUNT_OK_ONE_IMAGE_PER_PLANT,percos_20250523_0014.png,,4.2864,,,OK,automated: hsv_hue + otsu_chroma (scripts/07 + scripts/09/11),,"New row: petal 2 of 4, measured from percos_20250523_0014.png (segmentation only; no separate weight recorded for this specific petal).",4.3169,4.2559
5/23/25,2,Percos,14,,petal,3,,,,,,15,14,0.9333333333333332,COUNT_OK_ONE_IMAGE_PER_PLANT,Petal_scans,COUNT_OK_ONE_IMAGE_PER_PLANT,percos_20250523_0014.png,,5.293,,,OK,automated: hsv_hue + otsu_chroma (scripts/07 + scripts/09/11),,"New row: petal 3 of 4, measured from percos_20250523_0014.png (segmentation only; no separate weight recorded for this specific petal).",5.3341,5.252
5/23/25,2,Percos,14,,petal,4,,,,,,15,14,0.9333333333333332,COUNT_OK_ONE_IMAGE_PER_PLANT,Petal_scans,COUNT_OK_ONE_IMAGE_PER_PLANT,percos_20250523_0014.png,,4.9429,,,OK,automated: hsv_hue + otsu_chroma (scripts/07 + scripts/09/11),,"New row: petal 4 of 4, measured from percos_20250523_0014.png (segmentation only; no separate weight recorded for this specific petal).",4.9732,4.9126
5/23/25,2,Percos,15,,petal,1,,,,,,15,14,0.9333333333333332,COUNT_OK_ONE_IMAGE_PER_PLANT,Petal_scans,COUNT_OK_ONE_IMAGE_PER_PLANT,,,,,,NO_FLOWER_COLLECTED,,,No scan exists for this plant — researcher confirmed one flower was missing in the field on this date (not a matching/data error).,,
5/23/25,2,Pt. Conception,1,0.09945,flower,,,,,,,15,15,1,COUNT_OK_ONE_IMAGE_PER_PLANT,Petal_scans,COUNT_OK_ONE_IMAGE_PER_PLANT,ptcon_20250523_0001.png,1,,,,,,9/14/26," [2 plants share this scan; per-plant region assignment not yet done. Detected primary regions: hsv_hue=[3.2231] cm2, otsu_chroma=[3.3784] cm2.] [2 plants share this scan; per-plant region assignment not yet done. Detected primary regions: hsv_hue=[3.2231] cm2, otsu_chroma=[3.3784] cm2.] [area now reported per-petal in separate rows below; see petal_number 1-4 for this plant.]",,
5/23/25,2,Pt. Conception,1,0.0258,petal,1,,,0.00388,0.02192,0.8496124031007752,15,15,1,COUNT_OK_ONE_IMAGE_PER_PLANT,Petal_scans,COUNT_OK_ONE_IMAGE_PER_PLANT,ptcon_20250523_0001.png,1,2.8837,,,OK,automated: hsv_hue + otsu_chroma (scripts/07 + scripts/09/11),9/14/26,"cm2, otsu_chroma=[3.3784] cm2.] [area now reported per-petal in separate rows below; see petal_number 1-4 for this plant.] [area merged from separate petal-1 measurement row; weighed petal confirmed = petal 1.]",2.8441,2.9232
5/23/25,2,Pt. Conception,1,,petal,2,,,,,,15,15,1,COUNT_OK_ONE_IMAGE_PER_PLANT,Petal_scans,COUNT_OK_ONE_IMAGE_PER_PLANT,ptcon_20250523_0001.png,,3.3008,,,OK,automated: hsv_hue + otsu_chroma (scripts/07 + scripts/09/11),,"New row: petal 2 of 4, measured from ptcon_20250523_0001.png (segmentation only; no separate weight recorded for this specific petal).",3.2231,3.3784
5/23/25,2,Pt. Conception,1,,petal,3,,,,,,15,15,1,COUNT_OK_ONE_IMAGE_PER_PLANT,Petal_scans,COUNT_OK_ONE_IMAGE_PER_PLANT,ptcon_20250523_0001.png,,3.0956,,,OK,automated: hsv_hue + otsu_chroma (scripts/07 + scripts/09/11),,"New row: petal 3 of 4, measured from ptcon_20250523_0001.png (segmentation only; no separate weight recorded for this specific petal).",3.0318,3.1595
5/23/25,2,Pt. Conception,1,,petal,4,,,,,,15,15,1,COUNT_OK_ONE_IMAGE_PER_PLANT,Petal_scans,COUNT_OK_ONE_IMAGE_PER_PLANT,ptcon_20250523_0001.png,,3.1486,,,OK,automated: hsv_hue + otsu_chroma (scripts/07 + scripts/09/11),,"New row: petal 4 of 4, measured from ptcon_20250523_0001.png (segmentation only; no separate weight recorded for this specific petal).",3.1024,3.1947
5/23/25,2,Pt. Conception,2,0.09143,flower,,,,,,,15,15,1,COUNT_OK_ONE_IMAGE_PER_PLANT,Petal_scans,COUNT_OK_ONE_IMAGE_PER_PLANT,ptcon_20250523_0002.png,1,,,,,,9/14/26," [2 plants share this scan; per-plant region assignment not yet done. Detected primary regions: hsv_hue=[2.4996] cm2, otsu_chroma=[2.7354] cm2.] [2 plants share this scan; per-plant region assignment not yet done. Detected primary regions: hsv_hue=[2.4996] cm2, otsu_chroma=[2.7354] cm2.] [area now reported per-petal in separate rows below; see petal_number 1-4 for this plant.]",,
5/23/25,2,Pt. Conception,2,0.02587,petal,1,,,0.00871,0.01716,0.663316583,15,15,1,COUNT_OK_ONE_IMAGE_PER_PLANT,Petal_scans,COUNT_OK_ONE_IMAGE_PER_PLANT,ptcon_20250523_0002.png,1,2.6175,,,OK,automated: hsv_hue + otsu_chroma (scripts/07 + scripts/09/11),9/14/26,"cm2, otsu_chroma=[2.7354] cm2.] [area now reported per-petal in separate rows below; see petal_number 1-4 for this plant.] [area merged from separate petal-1 measurement row; weighed petal confirmed = petal 1.]",2.4996,2.7354
5/23/25,2,Pt. Conception,2,,petal,2,,,,,,15,15,1,COUNT_OK_ONE_IMAGE_PER_PLANT,Petal_scans,COUNT_OK_ONE_IMAGE_PER_PLANT,ptcon_20250523_0002.png,,2.0891,,,OK,automated: hsv_hue + otsu_chroma (scripts/07 + scripts/09/11),,"New row: petal 2 of 4, measured from ptcon_20250523_0002.png (segmentation only; no separate weight recorded for this specific petal).",2.0038,2.1744
5/23/25,2,Pt. Conception,2,,petal,3,,,,,,15,15,1,COUNT_OK_ONE_IMAGE_PER_PLANT,Petal_scans,COUNT_OK_ONE_IMAGE_PER_PLANT,ptcon_20250523_0002.png,,2.2568,,,OK,automated: hsv_hue + otsu_chroma (scripts/07 + scripts/09/11),,"New row: petal 3 of 4, measured from ptcon_20250523_0002.png (segmentation only; no separate weight recorded for this specific petal).",2.1077,2.406
5/23/25,2,Pt. Conception,2,,petal,4,,,,,,15,15,1,COUNT_OK_ONE_IMAGE_PER_PLANT,Petal_scans,COUNT_OK_ONE_IMAGE_PER_PLANT,ptcon_20250523_0002.png,,2.3988,,,OK,automated: hsv_hue + otsu_chroma (scripts/07 + scripts/09/11),,"New row: petal 4 of 4, measured from ptcon_20250523_0002.png (segmentation only; no separate weight recorded for this specific petal).",2.2485,2.5492
5/23/25,2,Pt. Conception,3,0.14326,flower,,,,,,,15,15,1,COUNT_OK_ONE_IMAGE_PER_PLANT,Petal_scans,COUNT_OK_ONE_IMAGE_PER_PLANT,ptcon_20250523_0003.png,1,,,,,,9/14/26," [2 plants share this scan; per-plant region assignment not yet done. Detected primary regions: hsv_hue=[4.0429] cm2, otsu_chroma=[4.356] cm2.] [2 plants share this scan; per-plant region assignment not yet done. Detected primary regions: hsv_hue=[4.0429] cm2, otsu_chroma=[4.356] cm2.] [area now reported per-petal in separate rows below; see petal_number 1-4 for this plant.]",,
5/23/25,2,Pt. Conception,3,0.04104,petal,1,,,0.0064,0.03464,0.8440545808966861,15,15,1,COUNT_OK_ONE_IMAGE_PER_PLANT,Petal_scans,COUNT_OK_ONE_IMAGE_PER_PLANT,ptcon_20250523_0003.png,1,4.1995,,,OK,automated: hsv_hue + otsu_chroma (scripts/07 + scripts/09/11),9/14/26,"cm2, otsu_chroma=[4.356] cm2.] [area now reported per-petal in separate rows below; see petal_number 1-4 for this plant.] [area merged from separate petal-1 measurement row; weighed petal confirmed = petal 1.]",4.0429,4.356
5/23/25,2,Pt. Conception,3,,petal,2,,,,,,15,15,1,COUNT_OK_ONE_IMAGE_PER_PLANT,Petal_scans,COUNT_OK_ONE_IMAGE_PER_PLANT,ptcon_20250523_0003.png,,3.2564,,,OK,automated: hsv_hue + otsu_chroma (scripts/07 + scripts/09/11),,"New row: petal 2 of 4, measured from ptcon_20250523_0003.png (segmentation only; no separate weight recorded for this specific petal).",3.1197,3.3932
5/23/25,2,Pt. Conception,3,,petal,3,,,,,,15,15,1,COUNT_OK_ONE_IMAGE_PER_PLANT,Petal_scans,COUNT_OK_ONE_IMAGE_PER_PLANT,ptcon_20250523_0003.png,,4.0639,,,OK,automated: hsv_hue + otsu_chroma (scripts/07 + scripts/09/11),,"New row: petal 3 of 4, measured from ptcon_20250523_0003.png (segmentation only; no separate weight recorded for this specific petal).",3.9524,4.1753
5/23/25,2,Pt. Conception,3,,petal,4,,,,,,15,15,1,COUNT_OK_ONE_IMAGE_PER_PLANT,Petal_scans,COUNT_OK_ONE_IMAGE_PER_PLANT,ptcon_20250523_0003.png,,3.3672,,,OK,automated: hsv_hue + otsu_chroma (scripts/07 + scripts/09/11),,"New row: petal 4 of 4, measured from ptcon_20250523_0003.png (segmentation only; no separate weight recorded for this specific petal).",3.1674,3.5669
5/23/25,2,Pt. Conception,4,0.23337,flower,,,,,,,15,15,1,COUNT_OK_ONE_IMAGE_PER_PLANT,Petal_scans,COUNT_OK_ONE_IMAGE_PER_PLANT,ptcon_20250523_0004.png,1,,,,,,9/14/26," [2 plants share this scan; per-plant region assignment not yet done. Detected primary regions: hsv_hue=[5.6543] cm2, otsu_chroma=[5.9845] cm2.] [2 plants share this scan; per-plant region assignment not yet done. Detected primary regions: hsv_hue=[5.6543] cm2, otsu_chroma=[5.9845] cm2.] [area now reported per-petal in separate rows below; see petal_number 1-4 for this plant.]",,
5/23/25,2,Pt. Conception,4,0.06612,petal,1,,,0.00563,0.06049,0.9148517846339989,15,15,1,COUNT_OK_ONE_IMAGE_PER_PLANT,Petal_scans,COUNT_OK_ONE_IMAGE_PER_PLANT,ptcon_20250523_0004.png,1,5.8194,,,OK,automated: hsv_hue + otsu_chroma (scripts/07 + scripts/09/11),9/14/26,"cm2, otsu_chroma=[5.9845] cm2.] [area now reported per-petal in separate rows below; see petal_number 1-4 for this plant.] [area merged from separate petal-1 measurement row; weighed petal confirmed = petal 1.]",5.6543,5.9845
5/23/25,2,Pt. Conception,4,,petal,2,,,,,,15,15,1,COUNT_OK_ONE_IMAGE_PER_PLANT,Petal_scans,COUNT_OK_ONE_IMAGE_PER_PLANT,ptcon_20250523_0004.png,,5.1454,,,OK,automated: hsv_hue + otsu_chroma (scripts/07 + scripts/09/11),,"New row: petal 2 of 4, measured from ptcon_20250523_0004.png (segmentation only; no separate weight recorded for this specific petal).",5.0208,5.2701
5/23/25,2,Pt. Conception,4,,petal,3,,,,,,15,15,1,COUNT_OK_ONE_IMAGE_PER_PLANT,Petal_scans,COUNT_OK_ONE_IMAGE_PER_PLANT,ptcon_20250523_0004.png,,4.5729,,,OK,automated: hsv_hue + otsu_chroma (scripts/07 + scripts/09/11),,"New row: petal 3 of 4, measured from ptcon_20250523_0004.png (segmentation only; no separate weight recorded for this specific petal).",4.5302,4.6156
5/23/25,2,Pt. Conception,4,,petal,4,,,,,,15,15,1,COUNT_OK_ONE_IMAGE_PER_PLANT,Petal_scans,COUNT_OK_ONE_IMAGE_PER_PLANT,ptcon_20250523_0004.png,,5.6142,,,OK,automated: hsv_hue + otsu_chroma (scripts/07 + scripts/09/11),,"New row: petal 4 of 4, measured from ptcon_20250523_0004.png (segmentation only; no separate weight recorded for this specific petal).",5.4514,5.7769
5/23/25,2,Pt. Conception,5,0.17912,flower,,,,,,,15,15,1,COUNT_OK_ONE_IMAGE_PER_PLANT,Petal_scans,COUNT_OK_ONE_IMAGE_PER_PLANT,ptcon_20250523_0005.png,1,5.1601,,3.37,PROVISIONAL_LARGEST_REGION_PETAL_NUMBER_NOT_ASSIGNED,automated: hsv_hue + otsu_chroma (scripts/07_segment_petal_area.py),9/14/26," [2 plants share this scan; per-plant region assignment not yet done. Detected primary regions: hsv_hue=[5.0746] cm2, otsu_chroma=[5.2455] cm2.] [2 plants share this scan; per-plant region assignment not yet done. Detected primary regions: hsv_hue=[5.0746] cm2, otsu_chroma=[5.2455] cm2.] [value is the largest of 4 detected regions, NOT a verified single-petal measurement; per-petal assignment pending manual review, see petal_number_review_needed.csv.]",5.0746,5.2455
5/23/25,2,Pt. Conception,5,0.047,petal,1,,,0.01171,0.03529,0.7508510638297872,15,15,1,COUNT_OK_ONE_IMAGE_PER_PLANT,Petal_scans,COUNT_OK_ONE_IMAGE_PER_PLANT,ptcon_20250523_0005.png,1,5.1601,,3.37,PROVISIONAL_LARGEST_REGION_PETAL_NUMBER_NOT_ASSIGNED,automated: hsv_hue + otsu_chroma (scripts/07_segment_petal_area.py),9/14/26," [2 plants share this scan; per-plant region assignment not yet done. Detected primary regions: hsv_hue=[5.0746] cm2, otsu_chroma=[5.2455] cm2.] [2 plants share this scan; per-plant region assignment not yet done. Detected primary regions: hsv_hue=[5.0746] cm2, otsu_chroma=[5.2455] cm2.] [value is the largest of 4 detected regions, NOT a verified single-petal measurement; per-petal assignment pending manual review, see petal_number_review_needed.csv.]",5.0746,5.2455
5/23/25,2,Pt. Conception,6,0.07057,flower,,,,,,,15,15,1,COUNT_OK_ONE_IMAGE_PER_PLANT,Petal_scans,COUNT_OK_ONE_IMAGE_PER_PLANT,ptcon_20250523_0006.png,1,,,,,,9/14/26," [2 plants share this scan; per-plant region assignment not yet done. Detected primary regions: hsv_hue=[2.1769] cm2, otsu_chroma=[2.3189] cm2.] [2 plants share this scan; per-plant region assignment not yet done. Detected primary regions: hsv_hue=[2.1769] cm2, otsu_chroma=[2.3189] cm2.] [area now reported per-petal in separate rows below; see petal_number 1-4 for this plant.]",,
5/23/25,2,Pt. Conception,6,0.01906,petal,1,,,0.00291,0.01615,0.8473242392444911,15,15,1,COUNT_OK_ONE_IMAGE_PER_PLANT,Petal_scans,COUNT_OK_ONE_IMAGE_PER_PLANT,ptcon_20250523_0006.png,1,1.816,,,OK,automated: hsv_hue + otsu_chroma (scripts/07 + scripts/09/11),9/14/26,"cm2, otsu_chroma=[2.3189] cm2.] [area now reported per-petal in separate rows below; see petal_number 1-4 for this plant.] [area merged from separate petal-1 measurement row; weighed petal confirmed = petal 1.]",1.7926,1.8394
5/23/25,2,Pt. Conception,6,,petal,2,,,,,,15,15,1,COUNT_OK_ONE_IMAGE_PER_PLANT,Petal_scans,COUNT_OK_ONE_IMAGE_PER_PLANT,ptcon_20250523_0006.png,,2.2479,,,OK,automated: hsv_hue + otsu_chroma (scripts/07 + scripts/09/11),,"New row: petal 2 of 4, measured from ptcon_20250523_0006.png (segmentation only; no separate weight recorded for this specific petal).",2.1769,2.3189
5/23/25,2,Pt. Conception,6,,petal,3,,,,,,15,15,1,COUNT_OK_ONE_IMAGE_PER_PLANT,Petal_scans,COUNT_OK_ONE_IMAGE_PER_PLANT,ptcon_20250523_0006.png,,1.8019,,,OK,automated: hsv_hue + otsu_chroma (scripts/07 + scripts/09/11),,"New row: petal 3 of 4, measured from ptcon_20250523_0006.png (segmentation only; no separate weight recorded for this specific petal).",1.7702,1.8336
5/23/25,2,Pt. Conception,6,,petal,4,,,,,,15,15,1,COUNT_OK_ONE_IMAGE_PER_PLANT,Petal_scans,COUNT_OK_ONE_IMAGE_PER_PLANT,ptcon_20250523_0006.png,,2.0926,,,OK,automated: hsv_hue + otsu_chroma (scripts/07 + scripts/09/11),,"New row: petal 4 of 4, measured from ptcon_20250523_0006.png (segmentation only; no separate weight recorded for this specific petal).",2.0378,2.1475
5/23/25,2,Pt. Conception,7,0.14239,flower,,,,,,,15,15,1,COUNT_OK_ONE_IMAGE_PER_PLANT,Petal_scans,COUNT_OK_ONE_IMAGE_PER_PLANT,ptcon_20250523_0007.png,1,,,,,,9/14/26," [2 plants share this scan; per-plant region assignment not yet done. Detected primary regions: hsv_hue=[4.1908] cm2, otsu_chroma=[4.4586] cm2.] [2 plants share this scan; per-plant region assignment not yet done. Detected primary regions: hsv_hue=[4.1908] cm2, otsu_chroma=[4.4586] cm2.] [area now reported per-petal in separate rows below; see petal_number 1-4 for this plant.]",,
5/23/25,2,Pt. Conception,7,0.03685,petal,1,,,0.01798,0.01887,0.5120759837177747,15,15,1,COUNT_OK_ONE_IMAGE_PER_PLANT,Petal_scans,COUNT_OK_ONE_IMAGE_PER_PLANT,ptcon_20250523_0007.png,1,3.8059,,,OK,automated: hsv_hue + otsu_chroma (scripts/07 + scripts/09/11),9/14/26,"cm2, otsu_chroma=[4.4586] cm2.] [area now reported per-petal in separate rows below; see petal_number 1-4 for this plant.] [area merged from separate petal-1 measurement row; weighed petal confirmed = petal 1.]",3.8026,3.8092
5/23/25,2,Pt. Conception,7,,petal,2,,,,,,15,15,1,COUNT_OK_ONE_IMAGE_PER_PLANT,Petal_scans,COUNT_OK_ONE_IMAGE_PER_PLANT,ptcon_20250523_0007.png,,4.3247,,,OK,automated: hsv_hue + otsu_chroma (scripts/07 + scripts/09/11),,"New row: petal 2 of 4, measured from ptcon_20250523_0007.png (segmentation only; no separate weight recorded for this specific petal).",4.1908,4.4586
5/23/25,2,Pt. Conception,7,,petal,3,,,,,,15,15,1,COUNT_OK_ONE_IMAGE_PER_PLANT,Petal_scans,COUNT_OK_ONE_IMAGE_PER_PLANT,ptcon_20250523_0007.png,,4.1892,,,OK,automated: hsv_hue + otsu_chroma (scripts/07 + scripts/09/11),,"New row: petal 3 of 4, measured from ptcon_20250523_0007.png (segmentation only; no separate weight recorded for this specific petal).",4.1865,4.192
5/23/25,2,Pt. Conception,7,,petal,4,,,,,,15,15,1,COUNT_OK_ONE_IMAGE_PER_PLANT,Petal_scans,COUNT_OK_ONE_IMAGE_PER_PLANT,ptcon_20250523_0007.png,,4.2298,,,OK,automated: hsv_hue + otsu_chroma (scripts/07 + scripts/09/11),,"New row: petal 4 of 4, measured from ptcon_20250523_0007.png (segmentation only; no separate weight recorded for this specific petal).",4.0429,4.4166
5/23/25,2,Pt. Conception,8,0.05432,flower,,,,,,,15,15,1,COUNT_OK_ONE_IMAGE_PER_PLANT,Petal_scans,COUNT_OK_ONE_IMAGE_PER_PLANT,ptcon_20250523_0008.png,1,3.5509,,5.32,PROVISIONAL_LARGEST_REGION_PETAL_NUMBER_NOT_ASSIGNED,automated: hsv_hue + otsu_chroma (scripts/07_segment_petal_area.py),9/14/26,"note: only 1 other petal [2 plants share this scan; per-plant region assignment not yet done. Detected primary regions: hsv_hue=[3.4588] cm2, otsu_chroma=[3.6429] cm2.] [2 plants share this scan; per-plant region assignment not yet done. Detected primary regions: hsv_hue=[3.4588] cm2, otsu_chroma=[3.6429] cm2.] [value is the largest of 4 detected regions, NOT a verified single-petal measurement; per-petal assignment pending manual review, see petal_number_review_needed.csv.]",3.4588,3.6429
5/23/25,2,Pt. Conception,8,0.02451,petal,1,,,0.00352,0.02099,0.8563851489188087,15,15,1,COUNT_OK_ONE_IMAGE_PER_PLANT,Petal_scans,COUNT_OK_ONE_IMAGE_PER_PLANT,ptcon_20250523_0008.png,1,3.5509,,5.32,PROVISIONAL_LARGEST_REGION_PETAL_NUMBER_NOT_ASSIGNED,automated: hsv_hue + otsu_chroma (scripts/07_segment_petal_area.py),9/14/26," [2 plants share this scan; per-plant region assignment not yet done. Detected primary regions: hsv_hue=[3.4588] cm2, otsu_chroma=[3.6429] cm2.] [2 plants share this scan; per-plant region assignment not yet done. Detected primary regions: hsv_hue=[3.4588] cm2, otsu_chroma=[3.6429] cm2.] [value is the largest of 4 detected regions, NOT a verified single-petal measurement; per-petal assignment pending manual review, see petal_number_review_needed.csv.]",3.4588,3.6429
5/23/25,2,Pt. Conception,9,0.2561,flower,,,,,,,15,15,1,COUNT_OK_ONE_IMAGE_PER_PLANT,Petal_scans,COUNT_OK_ONE_IMAGE_PER_PLANT,ptcon_20250523_0009.png,1,,,,,,9/14/26," [2 plants share this scan; per-plant region assignment not yet done. Detected primary regions: hsv_hue=[6.6234] cm2, otsu_chroma=[6.7893] cm2.] [2 plants share this scan; per-plant region assignment not yet done. Detected primary regions: hsv_hue=[6.6234] cm2, otsu_chroma=[6.7893] cm2.] [area now reported per-petal in separate rows below; see petal_number 1-4 for this plant.]",,
5/23/25,2,Pt. Conception,9,0.06811,petal,1,,,0.0076,0.06051,0.8884157979738657,15,15,1,COUNT_OK_ONE_IMAGE_PER_PLANT,Petal_scans,COUNT_OK_ONE_IMAGE_PER_PLANT,ptcon_20250523_0009.png,1,5.8435,,,OK,automated: hsv_hue + otsu_chroma (scripts/07 + scripts/09/11),9/14/26,"cm2, otsu_chroma=[6.7893] cm2.] [area now reported per-petal in separate rows below; see petal_number 1-4 for this plant.] [area merged from separate petal-1 measurement row; weighed petal confirmed = petal 1.]",5.7002,5.9868
5/23/25,2,Pt. Conception,9,,petal,2,,,,,,15,15,1,COUNT_OK_ONE_IMAGE_PER_PLANT,Petal_scans,COUNT_OK_ONE_IMAGE_PER_PLANT,ptcon_20250523_0009.png,,6.7064,,,OK,automated: hsv_hue + otsu_chroma (scripts/07 + scripts/09/11),,"New row: petal 2 of 4, measured from ptcon_20250523_0009.png (segmentation only; no separate weight recorded for this specific petal).",6.6234,6.7893
5/23/25,2,Pt. Conception,9,,petal,3,,,,,,15,15,1,COUNT_OK_ONE_IMAGE_PER_PLANT,Petal_scans,COUNT_OK_ONE_IMAGE_PER_PLANT,ptcon_20250523_0009.png,,5.6149,,,OK,automated: hsv_hue + otsu_chroma (scripts/07 + scripts/09/11),,"New row: petal 3 of 4, measured from ptcon_20250523_0009.png (segmentation only; no separate weight recorded for this specific petal).",5.4139,5.8158
5/23/25,2,Pt. Conception,9,,petal,4,,,,,,15,15,1,COUNT_OK_ONE_IMAGE_PER_PLANT,Petal_scans,COUNT_OK_ONE_IMAGE_PER_PLANT,ptcon_20250523_0009.png,,6.3721,,,OK,automated: hsv_hue + otsu_chroma (scripts/07 + scripts/09/11),,"New row: petal 4 of 4, measured from ptcon_20250523_0009.png (segmentation only; no separate weight recorded for this specific petal).",6.2384,6.5059
5/23/25,2,Pt. Conception,10,0.1093,flower,,,,,,,15,15,1,COUNT_OK_ONE_IMAGE_PER_PLANT,Petal_scans,COUNT_OK_ONE_IMAGE_PER_PLANT,ptcon_20250523_0010.png,1,,,,,,9/14/26," [2 plants share this scan; per-plant region assignment not yet done. Detected primary regions: hsv_hue=[3.177] cm2, otsu_chroma=[3.4004] cm2.] [2 plants share this scan; per-plant region assignment not yet done. Detected primary regions: hsv_hue=[3.177] cm2, otsu_chroma=[3.4004] cm2.] [area now reported per-petal in separate rows below; see petal_number 1-4 for this plant.]",,
5/23/25,2,Pt. Conception,10,0.03052,petal,1,,,0.00402,0.0265,0.8682830930537353,15,15,1,COUNT_OK_ONE_IMAGE_PER_PLANT,Petal_scans,COUNT_OK_ONE_IMAGE_PER_PLANT,ptcon_20250523_0010.png,1,3.2887,,,OK,automated: hsv_hue + otsu_chroma (scripts/07 + scripts/09/11),9/14/26,"cm2, otsu_chroma=[3.4004] cm2.] [area now reported per-petal in separate rows below; see petal_number 1-4 for this plant.] [area merged from separate petal-1 measurement row; weighed petal confirmed = petal 1.]",3.177,3.4004
5/23/25,2,Pt. Conception,10,,petal,2,,,,,,15,15,1,COUNT_OK_ONE_IMAGE_PER_PLANT,Petal_scans,COUNT_OK_ONE_IMAGE_PER_PLANT,ptcon_20250523_0010.png,,2.7969,,,OK,automated: hsv_hue + otsu_chroma (scripts/07 + scripts/09/11),,"New row: petal 2 of 4, measured from ptcon_20250523_0010.png (segmentation only; no separate weight recorded for this specific petal).",2.6956,2.8982
5/23/25,2,Pt. Conception,10,,petal,3,,,,,,15,15,1,COUNT_OK_ONE_IMAGE_PER_PLANT,Petal_scans,COUNT_OK_ONE_IMAGE_PER_PLANT,ptcon_20250523_0010.png,,3.1713,,,OK,automated: hsv_hue + otsu_chroma (scripts/07 + scripts/09/11),,"New row: petal 3 of 4, measured from ptcon_20250523_0010.png (segmentation only; no separate weight recorded for this specific petal).",3.0394,3.3032
5/23/25,2,Pt. Conception,10,,petal,4,,,,,,15,15,1,COUNT_OK_ONE_IMAGE_PER_PLANT,Petal_scans,COUNT_OK_ONE_IMAGE_PER_PLANT,ptcon_20250523_0010.png,,2.961,,,OK,automated: hsv_hue + otsu_chroma (scripts/07 + scripts/09/11),,"New row: petal 4 of 4, measured from ptcon_20250523_0010.png (segmentation only; no separate weight recorded for this specific petal).",2.8134,3.1085
5/23/25,2,Pt. Conception,11,0.10738,flower,,,,,,,15,15,1,COUNT_OK_ONE_IMAGE_PER_PLANT,Petal_scans,COUNT_OK_ONE_IMAGE_PER_PLANT,ptcon_20250523_0011.png,1,3.6886,,7,PROVISIONAL_LARGEST_REGION_PETAL_NUMBER_NOT_ASSIGNED,automated: hsv_hue + otsu_chroma (scripts/07_segment_petal_area.py),9/14/26," [2 plants share this scan; per-plant region assignment not yet done. Detected primary regions: hsv_hue=[3.5639] cm2, otsu_chroma=[3.8133] cm2.] [2 plants share this scan; per-plant region assignment not yet done. Detected primary regions: hsv_hue=[3.5639] cm2, otsu_chroma=[3.8133] cm2.] [value is the largest of 4 detected regions, NOT a verified single-petal measurement; per-petal assignment pending manual review, see petal_number_review_needed.csv.]",3.5639,3.8133
5/23/25,2,Pt. Conception,11,0.02817,petal,1,,,0.00419,0.02398,0.8512602058927937,15,15,1,COUNT_OK_ONE_IMAGE_PER_PLANT,Petal_scans,COUNT_OK_ONE_IMAGE_PER_PLANT,ptcon_20250523_0011.png,1,3.6886,,7,PROVISIONAL_LARGEST_REGION_PETAL_NUMBER_NOT_ASSIGNED,automated: hsv_hue + otsu_chroma (scripts/07_segment_petal_area.py),9/14/26," [2 plants share this scan; per-plant region assignment not yet done. Detected primary regions: hsv_hue=[3.5639] cm2, otsu_chroma=[3.8133] cm2.] [2 plants share this scan; per-plant region assignment not yet done. Detected primary regions: hsv_hue=[3.5639] cm2, otsu_chroma=[3.8133] cm2.] [value is the largest of 4 detected regions, NOT a verified single-petal measurement; per-petal assignment pending manual review, see petal_number_review_needed.csv.]",3.5639,3.8133
5/23/25,2,Pt. Conception,12,0.16599,flower,,,,,,,15,15,1,COUNT_OK_ONE_IMAGE_PER_PLANT,Petal_scans,COUNT_OK_ONE_IMAGE_PER_PLANT,ptcon_20250523_0012.png,1,,,,,,9/14/26," [2 plants share this scan; per-plant region assignment not yet done. Detected primary regions: hsv_hue=[5.0915] cm2, otsu_chroma=[5.3912] cm2.] [2 plants share this scan; per-plant region assignment not yet done. Detected primary regions: hsv_hue=[5.0915] cm2, otsu_chroma=[5.3912] cm2.] [area now reported per-petal in separate rows below; see petal_number 1-4 for this plant.]",,
5/23/25,2,Pt. Conception,12,0.04478,petal,1,,,0.00468,0.0401,0.8954890576150065,15,15,1,COUNT_OK_ONE_IMAGE_PER_PLANT,Petal_scans,COUNT_OK_ONE_IMAGE_PER_PLANT,ptcon_20250523_0012.png,1,5.0744,,,OK,automated: hsv_hue + otsu_chroma (scripts/07 + scripts/09/11),9/14/26,"cm2, otsu_chroma=[5.3912] cm2.] [area now reported per-petal in separate rows below; see petal_number 1-4 for this plant.] [area merged from separate petal-1 measurement row; weighed petal confirmed = petal 1.]",4.9002,5.2486
5/23/25,2,Pt. Conception,12,,petal,2,,,,,,15,15,1,COUNT_OK_ONE_IMAGE_PER_PLANT,Petal_scans,COUNT_OK_ONE_IMAGE_PER_PLANT,ptcon_20250523_0012.png,,4.4749,,,OK,automated: hsv_hue + otsu_chroma (scripts/07 + scripts/09/11),,"New row: petal 2 of 4, measured from ptcon_20250523_0012.png (segmentation only; no separate weight recorded for this specific petal).",4.3737,4.5761
5/23/25,2,Pt. Conception,12,,petal,3,,,,,,15,15,1,COUNT_OK_ONE_IMAGE_PER_PLANT,Petal_scans,COUNT_OK_ONE_IMAGE_PER_PLANT,ptcon_20250523_0012.png,,5.2414,,,OK,automated: hsv_hue + otsu_chroma (scripts/07 + scripts/09/11),,"New row: petal 3 of 4, measured from ptcon_20250523_0012.png (segmentation only; no separate weight recorded for this specific petal).",5.0915,5.3912
5/23/25,2,Pt. Conception,12,,petal,4,,,,,,15,15,1,COUNT_OK_ONE_IMAGE_PER_PLANT,Petal_scans,COUNT_OK_ONE_IMAGE_PER_PLANT,ptcon_20250523_0012.png,,4.2296,,,OK,automated: hsv_hue + otsu_chroma (scripts/07 + scripts/09/11),,"New row: petal 4 of 4, measured from ptcon_20250523_0012.png (segmentation only; no separate weight recorded for this specific petal).",4.1716,4.2877
5/23/25,2,Pt. Conception,13,0.09827,flower,,,,,,,15,15,1,COUNT_OK_ONE_IMAGE_PER_PLANT,Petal_scans,COUNT_OK_ONE_IMAGE_PER_PLANT,ptcon_20250523_0013.png,1,,,,,,9/14/26," [2 plants share this scan; per-plant region assignment not yet done. Detected primary regions: hsv_hue=[3.4013] cm2, otsu_chroma=[3.5821] cm2.] [2 plants share this scan; per-plant region assignment not yet done. Detected primary regions: hsv_hue=[3.4013] cm2, otsu_chroma=[3.5821] cm2.] [area now reported per-petal in separate rows below; see petal_number 1-4 for this plant.]",,
5/23/25,2,Pt. Conception,13,0.02734,petal,1,,3.656,0.00308,0.02426,0.8873445501097292,15,15,1,COUNT_OK_ONE_IMAGE_PER_PLANT,Petal_scans,COUNT_OK_ONE_IMAGE_PER_PLANT,ptcon_20250523_0013.png,1,3.3996,,,OK,automated: hsv_hue + otsu_chroma (scripts/07 + scripts/09/11),9/14/26,"cm2, otsu_chroma=[3.5821] cm2.] [area now reported per-petal in separate rows below; see petal_number 1-4 for this plant.] [area merged from separate petal-1 measurement row; weighed petal confirmed = petal 1.]",3.4013,3.3979
5/23/25,2,Pt. Conception,13,,petal,2,,2.883,,,,,,,,,,,,2.6628,,,OK,automated: hsv_hue + otsu_chroma (scripts/07 + scripts/09/11),,,2.6548,2.6707
5/23/25,2,Pt. Conception,13,,petal,3,,3.749,,,,,,,,,,,,3.4891,,,OK,automated: hsv_hue + otsu_chroma (scripts/07 + scripts/09/11),,,3.3961,3.5821
5/23/25,2,Pt. Conception,13,,petal,4,,2.707,,,,,,,,,,,,2.4267,,,OK,automated: hsv_hue + otsu_chroma (scripts/07 + scripts/09/11),,,2.3593,2.4941
5/23/25,2,Pt. Conception,14,0.20577,flower,,,,,,,15,15,1,COUNT_OK_ONE_IMAGE_PER_PLANT,Petal_scans,COUNT_OK_ONE_IMAGE_PER_PLANT,ptcon_20250523_0014.png,1,,,,,,9/14/26," [2 plants share this scan; per-plant region assignment not yet done. Detected primary regions: hsv_hue=[5.4982] cm2, otsu_chroma=[5.7432] cm2.] [2 plants share this scan; per-plant region assignment not yet done. Detected primary regions: hsv_hue=[5.4982] cm2, otsu_chroma=[5.7432] cm2.] [area now reported per-petal in separate rows below; see petal_number 1-4 for this plant.]",,
5/23/25,2,Pt. Conception,14,0.05655,petal,1,,,0.00777,0.04878,0.8625994694960213,15,15,1,COUNT_OK_ONE_IMAGE_PER_PLANT,Petal_scans,COUNT_OK_ONE_IMAGE_PER_PLANT,ptcon_20250523_0014.png,1,5.5314,,,OK,automated: hsv_hue + otsu_chroma (scripts/07 + scripts/09/11),9/14/26,"cm2, otsu_chroma=[5.7432] cm2.] [area now reported per-petal in separate rows below; see petal_number 1-4 for this plant.] [area merged from separate petal-1 measurement row; weighed petal confirmed = petal 1.]",5.3979,5.6649
5/23/25,2,Pt. Conception,14,,petal,2,,,,,,15,15,1,COUNT_OK_ONE_IMAGE_PER_PLANT,Petal_scans,COUNT_OK_ONE_IMAGE_PER_PLANT,ptcon_20250523_0014.png,,4.7023,,,OK,automated: hsv_hue + otsu_chroma (scripts/07 + scripts/09/11),,"New row: petal 2 of 4, measured from ptcon_20250523_0014.png (segmentation only; no separate weight recorded for this specific petal).",4.68,4.7246
5/23/25,2,Pt. Conception,14,,petal,3,,,,,,15,15,1,COUNT_OK_ONE_IMAGE_PER_PLANT,Petal_scans,COUNT_OK_ONE_IMAGE_PER_PLANT,ptcon_20250523_0014.png,,5.6207,,,OK,automated: hsv_hue + otsu_chroma (scripts/07 + scripts/09/11),,"New row: petal 3 of 4, measured from ptcon_20250523_0014.png (segmentation only; no separate weight recorded for this specific petal).",5.4982,5.7432
5/23/25,2,Pt. Conception,14,,petal,4,,,,,,15,15,1,COUNT_OK_ONE_IMAGE_PER_PLANT,Petal_scans,COUNT_OK_ONE_IMAGE_PER_PLANT,ptcon_20250523_0014.png,,4.5901,,,OK,automated: hsv_hue + otsu_chroma (scripts/07 + scripts/09/11),,"New row: petal 4 of 4, measured from ptcon_20250523_0014.png (segmentation only; no separate weight recorded for this specific petal).",4.4668,4.7134
5/23/25,2,Pt. Conception,15,0.05124,flower,,,,,,,15,15,1,COUNT_OK_ONE_IMAGE_PER_PLANT,Petal_scans,COUNT_OK_ONE_IMAGE_PER_PLANT,ptcon_20250523_0015.png,1,,,,,,9/14/26," [2 plants share this scan; per-plant region assignment not yet done. Detected primary regions: hsv_hue=[1.7991] cm2, otsu_chroma=[1.8325] cm2.] [2 plants share this scan; per-plant region assignment not yet done. Detected primary regions: hsv_hue=[1.7991] cm2, otsu_chroma=[1.8325] cm2.] [area now reported per-petal in separate rows below; see petal_number 1-4 for this plant.]",,
5/23/25,2,Pt. Conception,15,0.01256,petal,1,,,0.00209,0.01047,0.8335987261146498,15,15,1,COUNT_OK_ONE_IMAGE_PER_PLANT,Petal_scans,COUNT_OK_ONE_IMAGE_PER_PLANT,ptcon_20250523_0015.png,1,1.6327,,,OK,automated: hsv_hue + otsu_chroma (scripts/07 + scripts/09/11),9/14/26,"cm2, otsu_chroma=[1.8325] cm2.] [area now reported per-petal in separate rows below; see petal_number 1-4 for this plant.] [area merged from separate petal-1 measurement row; weighed petal confirmed = petal 1.]",1.5999,1.6655
5/23/25,2,Pt. Conception,15,,petal,2,,,,,,15,15,1,COUNT_OK_ONE_IMAGE_PER_PLANT,Petal_scans,COUNT_OK_ONE_IMAGE_PER_PLANT,ptcon_20250523_0015.png,,1.783,,,OK,automated: hsv_hue + otsu_chroma (scripts/07 + scripts/09/11),,"New row: petal 2 of 4, measured from ptcon_20250523_0015.png (segmentation only; no separate weight recorded for this specific petal).",1.7782,1.7878
5/23/25,2,Pt. Conception,15,,petal,3,,,,,,15,15,1,COUNT_OK_ONE_IMAGE_PER_PLANT,Petal_scans,COUNT_OK_ONE_IMAGE_PER_PLANT,ptcon_20250523_0015.png,,1.8158,,,OK,automated: hsv_hue + otsu_chroma (scripts/07 + scripts/09/11),,"New row: petal 3 of 4, measured from ptcon_20250523_0015.png (segmentation only; no separate weight recorded for this specific petal).",1.7991,1.8325
5/23/25,2,Pt. Conception,15,,petal,4,,,,,,15,15,1,COUNT_OK_ONE_IMAGE_PER_PLANT,Petal_scans,COUNT_OK_ONE_IMAGE_PER_PLANT,ptcon_20250523_0015.png,,1.5775,,,OK,automated: hsv_hue + otsu_chroma (scripts/07 + scripts/09/11),,"New row: petal 4 of 4, measured from ptcon_20250523_0015.png (segmentation only; no separate weight recorded for this specific petal).",1.5692,1.5858
7/2/25,3,Percos,1,0.01964,petal,,,,0.00288,0.01676,0.8533604887983707,15,15,1,COUNT_OK_ONE_IMAGE_PER_PLANT,2025_07_02,COUNT_OK_ONE_IMAGE_PER_PLANT,2025_07_02/Percos_0001.png,1,2.6343,,16.5,OK,automated: hsv_hue + otsu_chroma (scripts/07_segment_petal_area.py),9/14/26,,2.4335,2.8351
7/2/25,3,Percos,2,0.02471,petal,,,,0.00322,0.02149,0.8696883852691217,15,15,1,COUNT_OK_ONE_IMAGE_PER_PLANT,2025_07_02,COUNT_OK_ONE_IMAGE_PER_PLANT,2025_07_02/Percos_0002.png,1,3.2153,,9.52,OK,automated: hsv_hue + otsu_chroma (scripts/07_segment_petal_area.py),9/14/26,,3.0692,3.3613
7/2/25,3,Percos,3,0.03049,petal,,,,0.00455,0.02594,0.8507707445063956,15,15,1,COUNT_OK_ONE_IMAGE_PER_PLANT,2025_07_02,COUNT_OK_ONE_IMAGE_PER_PLANT,2025_07_02/Percos_0003.png,1,3.6307,,5.09,OK,automated: hsv_hue + otsu_chroma (scripts/07_segment_petal_area.py),9/14/26,,3.5407,3.7208
7/2/25,3,Percos,4,0.0192,petal,,,,0.00303,0.01617,0.8421874999999999,15,15,1,COUNT_OK_ONE_IMAGE_PER_PLANT,2025_07_02,COUNT_OK_ONE_IMAGE_PER_PLANT,2025_07_02/Percos_0004.png,1,2.1027,,11.87,OK,automated: hsv_hue + otsu_chroma (scripts/07_segment_petal_area.py),9/14/26,,1.9849,2.2205
7/2/25,3,Percos,5,0.03523,petal,,,,0.00486,0.03037,0.8620493897246666,15,15,1,COUNT_OK_ONE_IMAGE_PER_PLANT,2025_07_02,COUNT_OK_ONE_IMAGE_PER_PLANT,2025_07_02/Percos_0005.png,1,3.9373,,10.73,OK,automated: hsv_hue + otsu_chroma (scripts/07_segment_petal_area.py),9/14/26,,3.7369,4.1377
7/2/25,3,Percos,6,0.02298,petal,,,,0.00323,0.01975,0.8594429939077458,15,15,1,COUNT_OK_ONE_IMAGE_PER_PLANT,2025_07_02,COUNT_OK_ONE_IMAGE_PER_PLANT,2025_07_02/Percos_0006.png,1,2.5716,,9.76,OK,automated: hsv_hue + otsu_chroma (scripts/07_segment_petal_area.py),9/14/26,,2.452,2.6913
7/2/25,3,Percos,7,0.02093,petal,,,,0.00306,0.01787,0.8537983755375059,15,15,1,COUNT_OK_ONE_IMAGE_PER_PLANT,2025_07_02,COUNT_OK_ONE_IMAGE_PER_PLANT,2025_07_02/Percos_0007.png,1,2.509,,18,hsv_hue: LOW_SOLIDITY_CHECK_OVERLAY — check QC overlay,automated: hsv_hue + otsu_chroma (scripts/07_segment_petal_area.py),9/14/26,,2.3018,2.7161
7/2/25,3,Percos,8,0.03367,petal,,,,0.00522,0.02845,0.8449658449658451,15,15,1,COUNT_OK_ONE_IMAGE_PER_PLANT,2025_07_02,COUNT_OK_ONE_IMAGE_PER_PLANT,2025_07_02/Percos_0008.png,1,4.4192,,10.51,OK,automated: hsv_hue + otsu_chroma (scripts/07_segment_petal_area.py),9/14/26,,4.1985,4.6399
7/2/25,3,Percos,9,0.0247,petal,,,,0.0035,0.0212,0.8582995951417004,15,15,1,COUNT_OK_ONE_IMAGE_PER_PLANT,2025_07_02,COUNT_OK_ONE_IMAGE_PER_PLANT,2025_07_02/Percos_0009.png,1,2.8548,,15.68,hsv_hue: LOW_SOLIDITY_CHECK_OVERLAY — check QC overlay,automated: hsv_hue + otsu_chroma (scripts/07_segment_petal_area.py),9/14/26,,2.6472,3.0624
7/2/25,3,Percos,10,0.03495,petal,,,,0.00562,0.02933,0.8391988555078684,15,15,1,COUNT_OK_ONE_IMAGE_PER_PLANT,2025_07_02,COUNT_OK_ONE_IMAGE_PER_PLANT,2025_07_02/Percos_0010.png,1,3.6632,,9.5,OK,automated: hsv_hue + otsu_chroma (scripts/07_segment_petal_area.py),9/14/26,,3.4972,3.8293
7/2/25,3,Percos,11,0.01568,petal,,,,0.00214,0.01354,0.8635204081632653,15,15,1,COUNT_OK_ONE_IMAGE_PER_PLANT,2025_07_02,COUNT_OK_ONE_IMAGE_PER_PLANT,2025_07_02/Percos_0011.png,1,1.7454,,11.4,OK,automated: hsv_hue + otsu_chroma (scripts/07_segment_petal_area.py),9/14/26,,1.6513,1.8396
7/2/25,3,Percos,12,0.03145,petal,,,,0.0038,0.02765,0.8791732909379968,15,15,1,COUNT_OK_ONE_IMAGE_PER_PLANT,2025_07_02,COUNT_OK_ONE_IMAGE_PER_PLANT,2025_07_02/Percos_0012.png,1,3.4452,,7.14,OK,automated: hsv_hue + otsu_chroma (scripts/07_segment_petal_area.py),9/14/26,,3.3265,3.5639
7/2/25,3,Percos,13,0.00875,petal,,,,0.00144,0.00731,0.8354285714285714,15,15,1,COUNT_OK_ONE_IMAGE_PER_PLANT,2025_07_02,COUNT_OK_ONE_IMAGE_PER_PLANT,2025_07_02/Percos_0013.png,1,1.1412,,22.82,OK,automated: hsv_hue + otsu_chroma (scripts/07_segment_petal_area.py),9/14/26,,1.0243,1.258
7/2/25,3,Percos,14,0.01517,petal,,,,0.00224,0.01293,0.8523401450230719,15,15,1,COUNT_OK_ONE_IMAGE_PER_PLANT,2025_07_02,COUNT_OK_ONE_IMAGE_PER_PLANT,2025_07_02/Percos_0014.png,1,1.9036,,13.65,OK,automated: hsv_hue + otsu_chroma (scripts/07_segment_petal_area.py),9/14/26,,1.7819,2.0252
7/2/25,3,Percos,15,0.01949,petal,,,,0.00301,0.01648,0.8455618265777323,15,15,1,COUNT_OK_ONE_IMAGE_PER_PLANT,2025_07_02,COUNT_OK_ONE_IMAGE_PER_PLANT,2025_07_02/Percos_0015.png,1,2.2507,,7.75,OK,automated: hsv_hue + otsu_chroma (scripts/07_segment_petal_area.py),9/14/26,,2.1667,2.3347
7/2/25,3,Pt. Conception,1,0.03748,petal,,,,0.00439,0.03309,0.8828708644610459,15,15,1,COUNT_OK_ONE_IMAGE_PER_PLANT,2025_07_02,COUNT_OK_ONE_IMAGE_PER_PLANT,2025_07_02/Pt_Con_0001.png,1,3.3499,,45.5,hsv_hue: LOW_SOLIDITY_CHECK_OVERLAY — check QC overlay,automated: hsv_hue + otsu_chroma (scripts/07_segment_petal_area.py),9/14/26,,2.7291,3.9708
7/2/25,3,Pt. Conception,2,0.04054,petal,,,,0.00418,0.03636,0.8968919585594475,15,15,1,COUNT_OK_ONE_IMAGE_PER_PLANT,2025_07_02,COUNT_OK_ONE_IMAGE_PER_PLANT,2025_07_02/Pt_Con_0002.png,1,3.9012,,13.72,OK,automated: hsv_hue + otsu_chroma (scripts/07_segment_petal_area.py),9/14/26,,3.6507,4.1516
7/2/25,3,Pt. Conception,3,0.02922,petal,,,,0.00321,0.02601,0.8901437371663244,15,15,1,COUNT_OK_ONE_IMAGE_PER_PLANT,2025_07_02,COUNT_OK_ONE_IMAGE_PER_PLANT,2025_07_02/Pt_Con_0003.png,1,2.9635,,16.41,OK,automated: hsv_hue + otsu_chroma (scripts/07_segment_petal_area.py),9/14/26,,2.7388,3.1882
7/2/25,3,Pt. Conception,4,0.02896,petal,,,,0.00313,0.02583,0.8919198895027624,15,15,1,COUNT_OK_ONE_IMAGE_PER_PLANT,2025_07_02,COUNT_OK_ONE_IMAGE_PER_PLANT,2025_07_02/Pt_Con_0004.png,1,2.6749,,50.73,hsv_hue: LOW_SOLIDITY_CHECK_OVERLAY — check QC overlay,automated: hsv_hue + otsu_chroma (scripts/07_segment_petal_area.py),9/14/26,,2.1337,3.2162
7/2/25,3,Pt. Conception,5,0.02295,petal,,,,0.00294,0.02001,0.8718954248366013,15,15,1,COUNT_OK_ONE_IMAGE_PER_PLANT,2025_07_02,COUNT_OK_ONE_IMAGE_PER_PLANT,2025_07_02/Pt_Con_0005.png,1,2.1985,,13.94,OK,automated: hsv_hue + otsu_chroma (scripts/07_segment_petal_area.py),9/14/26,,2.0552,2.3417
7/2/25,3,Pt. Conception,6,0.02568,petal,,,,0.00457,0.02111,0.8220404984423676,15,15,1,COUNT_OK_ONE_IMAGE_PER_PLANT,2025_07_02,COUNT_OK_ONE_IMAGE_PER_PLANT,2025_07_02/Pt_Con_0006.png,1,2.5378,,15.88,OK,automated: hsv_hue + otsu_chroma (scripts/07_segment_petal_area.py),9/14/26,,2.3512,2.7245
7/2/25,3,Pt. Conception,7,0.01798,petal,,,,0.0022,0.01578,0.8776418242491657,15,15,1,COUNT_OK_ONE_IMAGE_PER_PLANT,2025_07_02,COUNT_OK_ONE_IMAGE_PER_PLANT,2025_07_02/Pt_Con_0007.png,1,1.8287,,35.85,hsv_hue: LOW_SOLIDITY_CHECK_OVERLAY — check QC overlay,automated: hsv_hue + otsu_chroma (scripts/07_segment_petal_area.py),9/14/26,,1.5507,2.1067
7/2/25,3,Pt. Conception,8,0.02346,petal,,,,0.00259,0.02087,0.8895993179880649,15,15,1,COUNT_OK_ONE_IMAGE_PER_PLANT,2025_07_02,COUNT_OK_ONE_IMAGE_PER_PLANT,2025_07_02/Pt_Con_0008.png,1,2.5438,,1.74,OK,automated: hsv_hue + otsu_chroma (scripts/07_segment_petal_area.py),9/14/26,,2.5218,2.5658
7/2/25,3,Pt. Conception,9,0.02218,petal,,,,0.0035,0.01868,0.8422001803426511,15,15,1,COUNT_OK_ONE_IMAGE_PER_PLANT,2025_07_02,COUNT_OK_ONE_IMAGE_PER_PLANT,2025_07_02/Pt_Con_0009.png,1,2.6307,,6.57,OK,automated: hsv_hue + otsu_chroma (scripts/07_segment_petal_area.py),9/14/26,,2.547,2.7144
7/2/25,3,Pt. Conception,10,0.02459,petal,,,,0.00272,0.02187,0.8893859292395283,15,15,1,COUNT_OK_ONE_IMAGE_PER_PLANT,2025_07_02,COUNT_OK_ONE_IMAGE_PER_PLANT,2025_07_02/Pt_Con_0010.png,1,2.7556,,4.87,OK,automated: hsv_hue + otsu_chroma (scripts/07_segment_petal_area.py),9/14/26,,2.6901,2.8211
7/2/25,3,Pt. Conception,11,0.03475,petal,,,,0.0042,0.03055,0.8791366906474821,15,15,1,COUNT_OK_ONE_IMAGE_PER_PLANT,2025_07_02,COUNT_OK_ONE_IMAGE_PER_PLANT,2025_07_02/Pt_Con_0011.png,1,3.1635,,19.68,OK,automated: hsv_hue + otsu_chroma (scripts/07_segment_petal_area.py),9/14/26,,2.8801,3.4468
7/2/25,3,Pt. Conception,12,0.0116,petal,,,,0.00164,0.00996,0.8586206896551725,15,15,1,COUNT_OK_ONE_IMAGE_PER_PLANT,2025_07_02,COUNT_OK_ONE_IMAGE_PER_PLANT,2025_07_02/Pt_Con_0012.png,1,1.3455,,3.48,OK,automated: hsv_hue + otsu_chroma (scripts/07_segment_petal_area.py),9/14/26,,1.3225,1.3685
7/2/25,3,Pt. Conception,13,0.02481,petal,,,,0.00334,0.02147,0.8653768641676745,15,15,1,COUNT_OK_ONE_IMAGE_PER_PLANT,2025_07_02,COUNT_OK_ONE_IMAGE_PER_PLANT,2025_07_02/Pt_Con_0013.png,1,3.0855,,9.52,OK,automated: hsv_hue + otsu_chroma (scripts/07_segment_petal_area.py),9/14/26,,2.9453,3.2257
7/2/25,3,Pt. Conception,14,0.02123,petal,,,,0.00136,0.01987,0.9359397079604332,15,15,1,COUNT_OK_ONE_IMAGE_PER_PLANT,2025_07_02,COUNT_OK_ONE_IMAGE_PER_PLANT,2025_07_02/Pt_Con_0014.png,1,2.4439,,5.85,OK,automated: hsv_hue + otsu_chroma (scripts/07_segment_petal_area.py),9/14/26,,2.3744,2.5134
7/2/25,3,Pt. Conception,15,0.01576,petal,,,,0.00178,0.01398,0.8870558375634516,15,15,1,COUNT_OK_ONE_IMAGE_PER_PLANT,2025_07_02,COUNT_OK_ONE_IMAGE_PER_PLANT,2025_07_02/Pt_Con_0015.png,1,1.8454,,6.88,OK,automated: hsv_hue + otsu_chroma (scripts/07_segment_petal_area.py),9/14/26,,1.784,1.9067
7/5/25,3,Cojo,1,0.01574,petal,,,,0.00212,0.01362,0.8653113087674713,15,3,0.2,COUNT_MISMATCH_NEEDS_REVIEW,2025_07_05,IMAGE_ASSIGNED_FROM_VISUAL_CHECK,2025_07_05/Cojo_5_jul_25_0001.png,5,2.1761,,6.5,OK,automated: hsv_hue + otsu_chroma (scripts/07 + scripts/10_assign_0705_plant_numbers.py),9/14/26,"cm2, otsu_chroma=[2.2679] cm2.] [plant number read directly from the numbered card in 2025_07_05/Cojo_5_jul_25_0001.png (5 plants share this scan); region matched by left-to-right position.]",2.1076,2.2446
7/5/25,3,Cojo,2,0.00874,petal,,,,0.00081,0.00793,0.9073226544622426,15,3,0.2,COUNT_MISMATCH_NEEDS_REVIEW,2025_07_05,IMAGE_ASSIGNED_FROM_VISUAL_CHECK,2025_07_05/Cojo_5_jul_25_0001.png,5,0.9984,,3.55,OK,automated: hsv_hue + otsu_chroma (scripts/07 + scripts/10_assign_0705_plant_numbers.py),9/14/26,"cm2, otsu_chroma=[2.2679] cm2.] [plant number read directly from the numbered card in 2025_07_05/Cojo_5_jul_25_0001.png (5 plants share this scan); region matched by left-to-right position.]",0.981,1.0158
7/5/25,3,Cojo,3,0.01638,petal,,,,0.00224,0.01414,0.8632478632478634,15,3,0.2,COUNT_MISMATCH_NEEDS_REVIEW,2025_07_05,IMAGE_ASSIGNED_FROM_VISUAL_CHECK,2025_07_05/Cojo_5_jul_25_0001.png,5,2.0848,,-0.33,OK,automated: hsv_hue + otsu_chroma (scripts/07 + scripts/10_assign_0705_plant_numbers.py),9/14/26,"cm2, otsu_chroma=[2.2679] cm2.] [plant number read directly from the numbered card in 2025_07_05/Cojo_5_jul_25_0001.png (5 plants share this scan); region matched by left-to-right position.]",2.0882,2.0813
7/5/25,3,Cojo,4,0.00875,petal,,,,0.00131,0.00744,0.8502857142857142,15,3,0.2,COUNT_MISMATCH_NEEDS_REVIEW,2025_07_05,IMAGE_ASSIGNED_FROM_VISUAL_CHECK,2025_07_05/Cojo_5_jul_25_0001.png,5,0.9971,,-3.21,OK,automated: hsv_hue + otsu_chroma (scripts/07 + scripts/10_assign_0705_plant_numbers.py),9/14/26,"cm2, otsu_chroma=[2.2679] cm2.] [plant number read directly from the numbered card in 2025_07_05/Cojo_5_jul_25_0001.png (5 plants share this scan); region matched by left-to-right position.]",1.0134,0.9809
7/5/25,3,Cojo,5,0.01878,petal,,,,0.00209,0.01669,0.8887113951011715,15,3,0.2,COUNT_MISMATCH_NEEDS_REVIEW,2025_07_05,IMAGE_ASSIGNED_FROM_VISUAL_CHECK,2025_07_05/Cojo_5_jul_25_0001.png,5,2.1997,,6.4,OK,automated: hsv_hue + otsu_chroma (scripts/07 + scripts/10_assign_0705_plant_numbers.py),9/14/26,"cm2, otsu_chroma=[2.2679] cm2.] [plant number read directly from the numbered card in 2025_07_05/Cojo_5_jul_25_0001.png (5 plants share this scan); region matched by left-to-right position.]",2.1315,2.2679
7/5/25,3,Cojo,6,0.00976,petal,,,,0.00121,0.00855,0.8760245901639345,15,3,0.2,COUNT_MISMATCH_NEEDS_REVIEW,2025_07_05,IMAGE_ASSIGNED_FROM_VISUAL_CHECK,2025_07_05/Cojo_5_jul_25_0002.png,5,1.2729,,9.99,OK,automated: hsv_hue + otsu_chroma (scripts/07 + scripts/10_assign_0705_plant_numbers.py),9/14/26,"cm2, otsu_chroma=[3.7464] cm2.] [plant number read directly from the numbered card in 2025_07_05/Cojo_5_jul_25_0002.png (5 plants share this scan); region matched by left-to-right position.]",1.2123,1.3334
7/5/25,3,Cojo,7,0.03425,petal,,,,0.00371,0.03054,0.8916788321167883,15,3,0.2,COUNT_MISMATCH_NEEDS_REVIEW,2025_07_05,IMAGE_ASSIGNED_FROM_VISUAL_CHECK,2025_07_05/Cojo_5_jul_25_0002.png,5,3.4309,,20.25,OK,automated: hsv_hue + otsu_chroma (scripts/07 + scripts/10_assign_0705_plant_numbers.py),9/14/26,"cm2, otsu_chroma=[3.7464] cm2.] [plant number read directly from the numbered card in 2025_07_05/Cojo_5_jul_25_0002.png (5 plants share this scan); region matched by left-to-right position.]",3.1154,3.7464
7/5/25,3,Cojo,8,0.01547,petal,,,,0.00203,0.01344,0.8687782805429864,15,3,0.2,COUNT_MISMATCH_NEEDS_REVIEW,2025_07_05,IMAGE_ASSIGNED_FROM_VISUAL_CHECK,2025_07_05/Cojo_5_jul_25_0002.png,5,2.0793,,19.39,OK,automated: hsv_hue + otsu_chroma (scripts/07 + scripts/10_assign_0705_plant_numbers.py),9/14/26,"cm2, otsu_chroma=[3.7464] cm2.] [plant number read directly from the numbered card in 2025_07_05/Cojo_5_jul_25_0002.png (5 plants share this scan); region matched by left-to-right position.]",1.8955,2.2631
7/5/25,3,Cojo,9,0.00807,petal,,,,0.00097,0.0071,0.8798017348203222,15,3,0.2,COUNT_MISMATCH_NEEDS_REVIEW,2025_07_05,IMAGE_ASSIGNED_FROM_VISUAL_CHECK,2025_07_05/Cojo_5_jul_25_0002.png,5,1.0979,,17.34,OK,automated: hsv_hue + otsu_chroma (scripts/07 + scripts/10_assign_0705_plant_numbers.py),9/14/26,"cm2, otsu_chroma=[3.7464] cm2.] [plant number read directly from the numbered card in 2025_07_05/Cojo_5_jul_25_0002.png (5 plants share this scan); region matched by left-to-right position.]",1.0103,1.1855
7/5/25,3,Cojo,10,0.00858,petal,,,,0.001,0.00758,0.8834498834498835,15,3,0.2,COUNT_MISMATCH_NEEDS_REVIEW,2025_07_05,IMAGE_ASSIGNED_FROM_VISUAL_CHECK,2025_07_05/Cojo_5_jul_25_0002.png,5,1.0715,,7.83,OK,automated: hsv_hue + otsu_chroma (scripts/07 + scripts/10_assign_0705_plant_numbers.py),9/14/26,"cm2, otsu_chroma=[3.7464] cm2.] [plant number read directly from the numbered card in 2025_07_05/Cojo_5_jul_25_0002.png (5 plants share this scan); region matched by left-to-right position.]",1.0311,1.1118
7/5/25,3,Cojo,11,0.01809,petal,,,,0.00266,0.01543,0.8529574350469874,15,3,0.2,COUNT_MISMATCH_NEEDS_REVIEW,2025_07_05,IMAGE_ASSIGNED_FROM_VISUAL_CHECK,2025_07_05/Cojo_5_jul_25_0003.png,5,2.2854,,13.32,OK,automated: hsv_hue + otsu_chroma (scripts/07 + scripts/10_assign_0705_plant_numbers.py),9/14/26,"cm2, otsu_chroma=[2.6144] cm2.] [plant number read directly from the numbered card in 2025_07_05/Cojo_5_jul_25_0003.png (5 plants share this scan); region matched by left-to-right position.]",2.1427,2.4282
7/5/25,3,Cojo,12,0.02053,petal,,,,0.00295,0.01758,0.8563078421821724,15,3,0.2,COUNT_MISMATCH_NEEDS_REVIEW,2025_07_05,IMAGE_ASSIGNED_FROM_VISUAL_CHECK,2025_07_05/Cojo_5_jul_25_0003.png,5,2.5253,,7.31,OK,automated: hsv_hue + otsu_chroma (scripts/07 + scripts/10_assign_0705_plant_numbers.py),9/14/26,"cm2, otsu_chroma=[2.6144] cm2.] [plant number read directly from the numbered card in 2025_07_05/Cojo_5_jul_25_0003.png (5 plants share this scan); region matched by left-to-right position.]",2.4363,2.6144
7/5/25,3,Cojo,13,0.00875,petal,,,,0.00132,0.00743,0.8491428571428572,15,3,0.2,COUNT_MISMATCH_NEEDS_REVIEW,2025_07_05,IMAGE_ASSIGNED_FROM_VISUAL_CHECK,2025_07_05/Cojo_5_jul_25_0003.png,5,1.4422,,8.86,OK,automated: hsv_hue + otsu_chroma (scripts/07 + scripts/10_assign_0705_plant_numbers.py),9/14/26,"cm2, otsu_chroma=[2.6144] cm2.] [plant number read directly from the numbered card in 2025_07_05/Cojo_5_jul_25_0003.png (5 plants share this scan); region matched by left-to-right position.]",1.381,1.5034
7/5/25,3,Cojo,14,0.00956,petal,,,,0.0015,0.00806,0.8430962343096233,15,3,0.2,COUNT_MISMATCH_NEEDS_REVIEW,2025_07_05,IMAGE_ASSIGNED_FROM_VISUAL_CHECK,2025_07_05/Cojo_5_jul_25_0003.png,5,1.1846,,25.47,OK,automated: hsv_hue + otsu_chroma (scripts/07 + scripts/10_assign_0705_plant_numbers.py),9/14/26,"cm2, otsu_chroma=[2.6144] cm2.] [plant number read directly from the numbered card in 2025_07_05/Cojo_5_jul_25_0003.png (5 plants share this scan); region matched by left-to-right position.]",1.0508,1.3184
7/5/25,3,Cojo,15,0.01641,petal,,,,0.00201,0.0144,0.8775137111517368,15,3,0.2,COUNT_MISMATCH_NEEDS_REVIEW,2025_07_05,IMAGE_ASSIGNED_FROM_VISUAL_CHECK,2025_07_05/Cojo_5_jul_25_0003.png,5,2.036,,26.15,OK,automated: hsv_hue + otsu_chroma (scripts/07 + scripts/10_assign_0705_plant_numbers.py),9/14/26,"cm2, otsu_chroma=[2.6144] cm2.] [plant number read directly from the numbered card in 2025_07_05/Cojo_5_jul_25_0003.png (5 plants share this scan); region matched by left-to-right position.]",1.8006,2.2714
7/5/25,3,Perry,1,0.01096,petal,,,,0.00099,0.00997,0.9096715328467152,15,3,0.2,COUNT_MISMATCH_NEEDS_REVIEW,2025_07_05,IMAGE_ASSIGNED_FROM_VISUAL_CHECK,2025_07_05/Perry_5_jul_25_0001.png,5,1.5257,,14.25,OK,automated: hsv_hue + otsu_chroma (scripts/07 + scripts/10_assign_0705_plant_numbers.py),9/14/26,"cm2, otsu_chroma=[1.9984] cm2.] [plant number read directly from the numbered card in 2025_07_05/Perry_5_jul_25_0001.png (5 plants share this scan); region matched by left-to-right position.]",1.4243,1.6272
7/5/25,3,Perry,2,0.01389,petal,,,,0.00172,0.01217,0.8761699064074875,15,3,0.2,COUNT_MISMATCH_NEEDS_REVIEW,2025_07_05,IMAGE_ASSIGNED_FROM_VISUAL_CHECK,2025_07_05/Perry_5_jul_25_0001.png,5,1.9027,,10.59,OK,automated: hsv_hue + otsu_chroma (scripts/07 + scripts/10_assign_0705_plant_numbers.py),9/14/26,"cm2, otsu_chroma=[1.9984] cm2.] [plant number read directly from the numbered card in 2025_07_05/Perry_5_jul_25_0001.png (5 plants share this scan); region matched by left-to-right position.]",1.807,1.9984
7/5/25,3,Perry,3,0.01712,petal,,,,0.00188,0.01524,0.8901869158878506,15,3,0.2,COUNT_MISMATCH_NEEDS_REVIEW,2025_07_05,IMAGE_ASSIGNED_FROM_VISUAL_CHECK,2025_07_05/Perry_5_jul_25_0001.png,5,1.7446,,19.18,OK,automated: hsv_hue + otsu_chroma (scripts/07 + scripts/10_assign_0705_plant_numbers.py),9/14/26,"cm2, otsu_chroma=[1.9984] cm2.] [plant number read directly from the numbered card in 2025_07_05/Perry_5_jul_25_0001.png (5 plants share this scan); region matched by left-to-right position.]",1.5919,1.8972
7/5/25,3,Perry,4,0.00994,petal,,,,0.00155,0.00839,0.8440643863179075,15,3,0.2,COUNT_MISMATCH_NEEDS_REVIEW,2025_07_05,IMAGE_ASSIGNED_FROM_VISUAL_CHECK,2025_07_05/Perry_5_jul_25_0001.png,5,1.2539,,20.06,OK,automated: hsv_hue + otsu_chroma (scripts/07 + scripts/10_assign_0705_plant_numbers.py),9/14/26,"cm2, otsu_chroma=[1.9984] cm2.] [plant number read directly from the numbered card in 2025_07_05/Perry_5_jul_25_0001.png (5 plants share this scan); region matched by left-to-right position.]",1.1396,1.3682
7/5/25,3,Perry,5,0.00778,petal,,,,0.00122,0.00656,0.8431876606683805,15,3,0.2,COUNT_MISMATCH_NEEDS_REVIEW,2025_07_05,IMAGE_ASSIGNED_FROM_VISUAL_CHECK,2025_07_05/Perry_5_jul_25_0001.png,5,0.9361,,19.41,OK,automated: hsv_hue + otsu_chroma (scripts/07 + scripts/10_assign_0705_plant_numbers.py),9/14/26,"cm2, otsu_chroma=[1.9984] cm2.] [plant number read directly from the numbered card in 2025_07_05/Perry_5_jul_25_0001.png (5 plants share this scan); region matched by left-to-right position.]",0.8533,1.0189
7/5/25,3,Perry,6,0.00542,petal,,,,0.00029,0.00513,0.9464944649446492,15,3,0.2,COUNT_MISMATCH_NEEDS_REVIEW,2025_07_05,IMAGE_ASSIGNED_FROM_VISUAL_CHECK,2025_07_05/Perry_5_jul_25_0002.png,5,0.6914,,32.9,OK,automated: hsv_hue + otsu_chroma (scripts/07 + scripts/10_assign_0705_plant_numbers.py),9/14/26,"cm2, otsu_chroma=[1.0507] cm2.] [plant number read directly from the numbered card in 2025_07_05/Perry_5_jul_25_0002.png (5 plants share this scan); region matched by left-to-right position.]",0.5937,0.789
7/5/25,3,Perry,7,0.00801,petal,,,,0.00096,0.00705,0.8801498127340824,15,3,0.2,COUNT_MISMATCH_NEEDS_REVIEW,2025_07_05,IMAGE_ASSIGNED_FROM_VISUAL_CHECK,2025_07_05/Perry_5_jul_25_0002.png,5,0.979,,7.69,OK,automated: hsv_hue + otsu_chroma (scripts/07 + scripts/10_assign_0705_plant_numbers.py),9/14/26,"cm2, otsu_chroma=[1.0507] cm2.] [plant number read directly from the numbered card in 2025_07_05/Perry_5_jul_25_0002.png (5 plants share this scan); region matched by left-to-right position.]",0.9428,1.0153
7/5/25,3,Perry,8,0.00527,petal,,,,0.00078,0.00449,0.8519924098671726,15,3,0.2,COUNT_MISMATCH_NEEDS_REVIEW,2025_07_05,IMAGE_ASSIGNED_FROM_VISUAL_CHECK,2025_07_05/Perry_5_jul_25_0002.png,5,0.8151,,19.57,OK,automated: hsv_hue + otsu_chroma (scripts/07 + scripts/10_assign_0705_plant_numbers.py),9/14/26,"cm2, otsu_chroma=[1.0507] cm2.] [plant number read directly from the numbered card in 2025_07_05/Perry_5_jul_25_0002.png (5 plants share this scan); region matched by left-to-right position.]",0.7424,0.8877
7/5/25,3,Perry,9,0.00685,petal,,,,0.00055,0.0063,0.9197080291970804,15,3,0.2,COUNT_MISMATCH_NEEDS_REVIEW,2025_07_05,IMAGE_ASSIGNED_FROM_VISUAL_CHECK,2025_07_05/Perry_5_jul_25_0002.png,5,0.7914,,35.69,OK,automated: hsv_hue + otsu_chroma (scripts/07 + scripts/10_assign_0705_plant_numbers.py),9/14/26,"cm2, otsu_chroma=[1.0507] cm2.] [plant number read directly from the numbered card in 2025_07_05/Perry_5_jul_25_0002.png (5 plants share this scan); region matched by left-to-right position.]",0.6716,0.9113
7/5/25,3,Perry,10,0.00797,petal,,,,0.00076,0.00721,0.9046424090338772,15,3,0.2,COUNT_MISMATCH_NEEDS_REVIEW,2025_07_05,IMAGE_ASSIGNED_FROM_VISUAL_CHECK,2025_07_05/Perry_5_jul_25_0002.png,5,1.0026,,10.08,OK,automated: hsv_hue + otsu_chroma (scripts/07 + scripts/10_assign_0705_plant_numbers.py),9/14/26,"cm2, otsu_chroma=[1.0507] cm2.] [plant number read directly from the numbered card in 2025_07_05/Perry_5_jul_25_0002.png (5 plants share this scan); region matched by left-to-right position.]",0.9545,1.0507
7/5/25,3,Perry,11,0.00829,petal,,,,0.00075,0.00754,0.9095295536791316,15,3,0.2,COUNT_MISMATCH_NEEDS_REVIEW,2025_07_05,IMAGE_ASSIGNED_FROM_VISUAL_CHECK,2025_07_05/Perry_5_jul_25_0003.png,5,1.197,,22.91,OK,automated: hsv_hue + otsu_chroma (scripts/07 + scripts/10_assign_0705_plant_numbers.py),9/14/26,"cm2, otsu_chroma=[1.5534] cm2.] [plant number read directly from the numbered card in 2025_07_05/Perry_5_jul_25_0003.png (5 plants share this scan); region matched by left-to-right position.]",1.074,1.3201
7/5/25,3,Perry,12,0.01179,petal,,,,0.00158,0.01021,0.8659881255301103,15,3,0.2,COUNT_MISMATCH_NEEDS_REVIEW,2025_07_05,IMAGE_ASSIGNED_FROM_VISUAL_CHECK,2025_07_05/Perry_5_jul_25_0003.png,5,0.5242,,23.89,OK,automated: hsv_hue + otsu_chroma (scripts/07 + scripts/10_assign_0705_plant_numbers.py),9/14/26,"cm2, otsu_chroma=[1.5534] cm2.] [plant number read directly from the numbered card in 2025_07_05/Perry_5_jul_25_0003.png (5 plants share this scan); region matched by left-to-right position.]",0.4683,0.5802
7/5/25,3,Perry,13,0.00829,petal,,,,0.00131,0.00698,0.8419782870928829,15,3,0.2,COUNT_MISMATCH_NEEDS_REVIEW,2025_07_05,IMAGE_ASSIGNED_FROM_VISUAL_CHECK,2025_07_05/Perry_5_jul_25_0003.png,5,1.0341,,28.9,OK,automated: hsv_hue + otsu_chroma (scripts/07 + scripts/10_assign_0705_plant_numbers.py),9/14/26,"cm2, otsu_chroma=[1.5534] cm2.] [plant number read directly from the numbered card in 2025_07_05/Perry_5_jul_25_0003.png (5 plants share this scan); region matched by left-to-right position.]",0.9035,1.1646
7/5/25,3,Perry,14,0.00439,petal,,,,0.00039,0.004,0.9111617312072892,15,3,0.2,COUNT_MISMATCH_NEEDS_REVIEW,2025_07_05,IMAGE_ASSIGNED_FROM_VISUAL_CHECK,2025_07_05/Perry_5_jul_25_0003.png,5,1.3956,,25.5,OK,automated: hsv_hue + otsu_chroma (scripts/07 + scripts/10_assign_0705_plant_numbers.py),9/14/26,"cm2, otsu_chroma=[1.5534] cm2.] [plant number read directly from the numbered card in 2025_07_05/Perry_5_jul_25_0003.png (5 plants share this scan); region matched by left-to-right position.]",1.2378,1.5534
7/5/25,3,Perry,15,0.01028,petal,,,,0.00204,0.00824,0.8015564202334631,15,3,0.2,COUNT_MISMATCH_NEEDS_REVIEW,2025_07_05,IMAGE_ASSIGNED_FROM_VISUAL_CHECK,2025_07_05/Perry_5_jul_25_0003.png,5,1.0657,,15.17,OK,automated: hsv_hue + otsu_chroma (scripts/07 + scripts/10_assign_0705_plant_numbers.py),9/14/26,"cm2, otsu_chroma=[1.5534] cm2.] [plant number read directly from the numbered card in 2025_07_05/Perry_5_jul_25_0003.png (5 plants share this scan); region matched by left-to-right position.]",0.9906,1.1409
9/13/25,4,Pt. Conception,1,0.02666,petal,,,,,,,6,6,1,COUNT_OK_ONE_IMAGE_PER_PLANT,2025_09_15,COUNT_OK_ONE_IMAGE_PER_PLANT,2025_09_15/Pt_Con_13_sep_25_0001.png,1,3.1778,,7.23,OK,automated: hsv_hue + otsu_chroma (scripts/07_segment_petal_area.py),9/14/26,,3.0669,3.2887
9/13/25,4,Pt. Conception,2,0.01728,petal,,,,,,,6,6,1,COUNT_OK_ONE_IMAGE_PER_PLANT,2025_09_15,COUNT_OK_ONE_IMAGE_PER_PLANT,2025_09_15/Pt_Con_13_sep_25_0002.png,1,1.6946,,61.46,hsv_hue: LOW_SOLIDITY_CHECK_OVERLAY — check QC overlay,automated: hsv_hue + otsu_chroma (scripts/07_segment_petal_area.py),9/14/26,,1.2963,2.093
9/13/25,4,Pt. Conception,3,0.03362,petal,,,,,,,6,6,1,COUNT_OK_ONE_IMAGE_PER_PLANT,2025_09_15,COUNT_OK_ONE_IMAGE_PER_PLANT,2025_09_15/Pt_Con_13_sep_25_0003.png,1,3.5911,,17.83,hsv_hue: LOW_SOLIDITY_CHECK_OVERLAY — check QC overlay,automated: hsv_hue + otsu_chroma (scripts/07_segment_petal_area.py),9/14/26,,3.2971,3.885
9/13/25,4,Pt. Conception,4,0.02304,petal,,,,,,,6,6,1,COUNT_OK_ONE_IMAGE_PER_PLANT,2025_09_15,COUNT_OK_ONE_IMAGE_PER_PLANT,2025_09_15/Pt_Con_13_sep_25_0004.png,1,3.106,,3.68,OK,automated: hsv_hue + otsu_chroma (scripts/07_segment_petal_area.py),9/14/26,,3.05,3.1621
9/13/25,4,Pt. Conception,5,0.02997,petal,,,,,,,6,6,1,COUNT_OK_ONE_IMAGE_PER_PLANT,2025_09_15,COUNT_OK_ONE_IMAGE_PER_PLANT,2025_09_15/Pt_Con_13_sep_25_0005.png,1,3.7028,,8.57,OK,automated: hsv_hue + otsu_chroma (scripts/07_segment_petal_area.py),9/14/26,,3.5507,3.8549
9/13/25,4,Pt. Conception,6,0.01589,petal,,,,,,,6,6,1,COUNT_OK_ONE_IMAGE_PER_PLANT,2025_09_15,COUNT_OK_ONE_IMAGE_PER_PLANT,2025_09_15/Pt_Con_13_sep_25_0006.png,1,1.8346,,17.11,OK,automated: hsv_hue + otsu_chroma (scripts/07_segment_petal_area.py),9/14/26,,1.6901,1.9792